node_id,longitude,latitude
0,104.100294,30.714794800000004
1,104.1000959,30.7148658
2,104.1007853,30.7160125
3,104.1019833,30.7142235
4,104.083862,30.6898358
5,104.084002,30.6897702
6,104.0824339,30.6876654
7,104.080525,30.6847522
8,104.0807094,30.6846811
9,104.0781717,30.681286
10,104.0690996,30.6799019
11,104.0690625,30.6798515
12,104.0634185,30.6830302
13,104.0580855,30.6607276
14,104.0581033,30.6605957
15,104.0538656,30.6627508
16,104.068095,30.669573600000003
17,104.0662916,30.6695825
18,104.0680895,30.6694723
19,104.0705385,30.657417100000004
20,104.069545,30.6578636
21,104.0720471,30.659592600000003
22,104.0499609,30.6552756
23,104.0501687,30.6555589
24,104.0498557,30.6552982
25,104.0421375,30.660414000000003
26,104.0421096,30.660362300000003
27,104.0409354,30.6607956
28,104.0434653,30.6588648
29,104.0454615,30.6563426
30,104.0452373,30.6553527
31,104.0472307,30.6555978
32,104.0483216,30.6554533
33,104.0483283,30.6555102
34,104.0422168,30.6603794
35,104.0494374,30.655368100000004
36,104.0684058,30.6608005
37,104.0685982,30.660800800000004
38,104.068469,30.6589096
39,104.0745755,30.6610925
40,104.073468,30.6616463
41,104.0719434,30.6610418
42,104.0872423,30.6552907
43,104.0883305,30.6580235
44,104.0853139,30.656212100000005
45,104.0405662,30.7250964
46,104.0402564,30.7248504
47,104.0526933,30.7281725
48,104.053493,30.728125899999995
49,104.1072392,30.7208021
50,104.097116,30.7216024
51,104.1014663,30.7180408
52,104.0801371,30.7238807
53,104.0867532,30.7221422
54,104.0832197,30.7250095
55,104.0783959,30.7243151
56,104.0987927,30.721310100000004
57,104.1038222,30.7234402
58,104.1074278,30.720571600000003
59,104.1035426,30.7229197
60,104.1010876,30.7171942
61,104.0935394,30.7260613
62,104.087669,30.7241637
63,104.0988442,30.7246179
64,104.0873158,30.7243738
65,104.0647365,30.658852600000003
66,104.0670308,30.658909
67,104.0650124,30.65959
68,104.0578152,30.6693584
69,104.0578201,30.6692618
70,104.0537846,30.671010100000004
71,104.0631561,30.669512800000003
72,104.0631067,30.6713975
73,104.0630324,30.6695084
74,104.0655541,30.674849
75,104.0679984,30.6737079
76,104.0656494,30.6749934
77,104.0636342,30.6884084
78,104.0636356,30.6882634
79,104.06055,30.6883872
80,104.0632224,30.6861272
81,104.0632792,30.686072600000003
82,104.0617616,30.6850155
83,104.0621656,30.6869903
84,104.0618426,30.6849519
85,104.0602226,30.6839562
86,104.0600785,30.6854891
87,104.060791,30.6882423
88,104.0546156,30.6917067
89,104.0536655,30.691507
90,104.0546743,30.6929426
91,104.0567686,30.691705
92,104.0565249,30.6883859
93,104.0509101,30.7084331
94,104.0499876,30.7078471
95,104.0497898,30.709586100000003
96,104.0526757,30.706601899999995
97,104.0486145,30.7108242
98,104.0492359,30.7112881
99,104.047674,30.7101263
100,104.0478174,30.7133247
101,104.0483368,30.7182435
102,104.0486586,30.716234600000003
103,104.0496135,30.7187646
104,104.1023981,30.7018608
105,104.10241,30.7062499
106,104.1017096,30.7031153
107,104.1025062,30.7063763
108,104.1022807,30.7018248
109,104.1028857,30.7070848
110,104.1014465,30.7066517
111,104.099892,30.7059722
112,104.1002119,30.708644300000003
113,104.10335390000002,30.7063154
114,104.1042494,30.6987709
115,104.124974,30.6607103
116,104.1249165,30.660829600000003
117,104.123247,30.6601235
118,104.1231744,30.660246500000003
119,104.1008336,30.6897826
120,104.1000787,30.688808
121,104.0994979,30.688564000000003
122,104.099152,30.6876103
123,104.100886,30.689756
124,104.1043551,30.698834700000003
125,104.101994,30.691051300000005
126,104.1001569,30.688789
127,104.0982399,30.6862304
128,104.0992004,30.6874097
129,104.0992141,30.687573600000004
130,104.1028761,30.682511100000003
131,104.1033366,30.6827164
132,104.1001703,30.6811405
133,104.10568,30.677696500000003
134,104.0997005,30.705886199999995
135,104.0972499,30.7097097
136,104.0489147,30.6905232
137,104.049119,30.6905149
138,104.0487556,30.691707
139,104.0488024,30.6905
140,104.05239559999998,30.691226300000004
141,104.0516388,30.691073600000003
142,104.0522123,30.6922215
143,104.086345,30.6820455
144,104.0864215,30.682174
145,104.0839488,30.6784353
146,104.0886246,30.6809544
147,104.0553665,30.675060700000003
148,104.0554334,30.6751649
149,104.0568814,30.6743867
150,104.0436801,30.6827924
151,104.0432751,30.6832495
152,104.0434876,30.6834124
153,104.0397433,30.6877493
154,104.0409604,30.6890898
155,104.0420276,30.6902087
156,104.0418884,30.6883073
157,104.0424479,30.6906152
158,104.0434307,30.6916631
159,104.041743,30.6928725
160,104.0445668,30.6927557
161,104.0452088,30.6896902
162,104.0406361,30.6674251
163,104.0412283,30.6681828
164,104.0413132,30.6669878
165,104.0476105,30.6639854
166,104.0475535,30.6638828
167,104.048076,30.664880600000004
168,104.0444953,30.6654261
169,104.1025405,30.6576028
170,104.1036832,30.6570815
171,104.1026298,30.657744300000005
172,104.1019259,30.656591
173,104.0537513,30.6628396
174,104.0543331,30.6636475
175,104.0580657,30.6616328
176,104.0544547,30.6651244
177,104.0580336,30.6642608
178,104.0537532,30.666053700000003
179,104.105336,30.7278432
180,104.1052219,30.7279006
181,104.1053017,30.727755100000003
182,104.0721586,30.7267002
183,104.0748671,30.725167
184,104.0690174,30.7265724
185,104.0790429,30.6997525
186,104.0790389,30.700655800000003
187,104.0636683,30.6969324
188,104.06398409999998,30.6969343
189,104.0636555,30.6916226
190,104.0907579,30.6772572
191,104.0902698,30.6766528
192,104.0853641,30.6656261
193,104.08671,30.6649989
194,104.0845218,30.6642332
195,104.0810123,30.658069800000003
196,104.0810894,30.6581845
197,104.0832528,30.6570327
198,104.0999214,30.6643739
199,104.0998064,30.664378600000003
200,104.0996864,30.665124100000003
201,104.0960572,30.6562401
202,104.09592940000002,30.6562993
203,104.0969786,30.6578005
204,104.0924984,30.6788003
205,104.0928919,30.6791554
206,104.0939678,30.677614
207,104.0941335,30.6810953
208,104.0924023,30.6795374
209,104.0920355,30.6791077
210,104.0886469,30.681042200000004
211,104.0939712,30.6811826
212,104.0923794,30.6793894
213,104.11168,30.6630104
214,104.1120242,30.6630249
215,104.112273,30.6596425
216,104.1101257,30.662437800000003
217,104.0681535,30.657645
218,104.0678698,30.6570033
219,104.0659297,30.6579881
220,104.0670096,30.6596124
221,104.068454,30.6583251
222,104.058165,30.6587697
223,104.0584223,30.658742
224,104.0581947,30.6568849
225,104.0441515,30.7015994
226,104.0440341,30.7015387
227,104.0470643,30.70338
228,104.0430718,30.703004600000003
229,104.0484623,30.693792100000003
230,104.0483647,30.6946982
231,104.0483449,30.6937858
232,104.0588285,30.7236093
233,104.0587532,30.7234776
234,104.0558392,30.7248635
235,104.0594834,30.7254353
236,104.0781615,30.7132068
237,104.078169,30.713353
238,104.083371,30.713038399999995
239,104.0636746,30.697144
240,104.0590152,30.697187100000004
241,104.051481,30.7256304
242,104.0514843,30.725512
243,104.04728,30.7249686
244,104.0515573,30.7280334
245,104.096873,30.7097204
246,104.0971715,30.7095874
247,104.096073,30.7084031
248,104.0719307,30.7166145
249,104.0721252,30.7164979
250,104.0720193,30.7156219
251,104.0912293,30.7123179
252,104.0910142,30.7117791
253,104.0912666,30.712433500000003
254,104.0939481,30.7111424
255,104.0557073,30.724902
256,104.0558323,30.7251352
257,104.0562918,30.7277271
258,104.0633716,30.7081614
259,104.0625453,30.7093638
260,104.0632728,30.7078015
261,104.0755369,30.7051501
262,104.0719426,30.7051471
263,104.0756325,30.7050284
264,104.0672186,30.7051766
265,104.0665385,30.7051865
266,104.0672605,30.7073165
267,104.063926,30.7052178
268,104.0636577,30.7052156
269,104.0636768,30.7070266
270,104.0565998,30.720968100000004
271,104.0564555,30.7217259
272,104.0773547,30.702782899999995
273,104.0772248,30.7027807
274,104.0757577,30.705029100000004
275,104.0756791,30.7051505
276,104.0730864,30.708700800000003
277,104.0636604,30.7051243
278,104.0639394,30.7051228
279,104.0611388,30.7050927
280,104.0638629,30.7025652
281,104.05637,30.7221087
282,104.0424642,30.6842432
283,104.0423337,30.684449100000005
284,104.0428686,30.6847717
285,104.0435377,30.6855086
286,104.0431664,30.685294
287,104.043002,30.6854256
288,104.0633149,30.6648201
289,104.0632211,30.6677309
290,104.0631559,30.664812800000004
291,104.0536719,30.6710709
292,104.0538492,30.6717313
293,104.0539104,30.6817742
294,104.0525867,30.6849287
295,104.0533202,30.681405
296,104.0532261,30.681336100000003
297,104.0505674,30.6844898
298,104.0487887,30.678518100000005
299,104.0488511,30.6784708
300,104.0467421,30.677061100000003
301,104.0468131,30.6770317
302,104.0432901,30.6764137
303,104.0455836,30.675156
304,104.0455779,30.6750779
305,104.0444165,30.675826300000004
306,104.0460979,30.671063300000004
307,104.0461919,30.6710187
308,104.0436123,30.6723169
309,104.0450502,30.668671600000003
310,104.043303,30.6660082
311,104.0432878,30.6659099
312,104.0861661,30.6575689
313,104.0851762,30.658040000000003
314,104.0881545,30.6598691
315,104.0714961,30.6720798
316,104.070538,30.6706845
317,104.0716283,30.6720201
318,104.0757688,30.668247
319,104.0774526,30.6674315
320,104.0740964,30.669016600000003
321,104.0748431,30.666869800000004
322,104.0767,30.6696598
323,104.0599768,30.666006
324,104.0599054,30.6676919
325,104.058521,30.665985100000004
326,104.0600959,30.6623932
327,104.059781,30.6694255
328,104.059785,30.6693364
329,104.0580758,30.6693639
330,104.0598967,30.6678511
331,104.0631033,30.667730100000004
332,104.06596,30.6723637
333,104.0660008,30.6720357
334,104.0809719,30.665849800000004
335,104.0791991,30.666624100000003
336,104.0801316,30.664421
337,104.0791853,30.6629152
338,104.0774781,30.6637865
339,104.0787098,30.6621764
340,104.080726,30.6621982
341,104.0780545,30.6647476
342,104.076938,30.662956
343,104.0769863,30.6646652
344,104.0748023,30.666805
345,104.0743759,30.666204800000003
346,104.0765117,30.6660307
347,104.076633,30.666049
348,104.0765488,30.6660876
349,104.0766347,30.6661368
350,104.0783697,30.6688699
351,104.0853694,30.669676300000003
352,104.0844355,30.6681225
353,104.08307109999998,30.6706459
354,104.0833406,30.6622851
355,104.0833004,30.6622228
356,104.0814704,30.6631761
357,104.089264,30.6594295
358,104.0892244,30.6593738
359,104.0909236,30.6613685
360,104.0881973,30.6599369
361,104.0971359,30.6584375
362,104.091755,30.662656400000003
363,104.0933599,30.6645603
364,104.0934425,30.6646219
365,104.0948005,30.6644984
366,104.0940528,30.6650831
367,104.0935908,30.664793900000003
368,104.0955194,30.6674335
369,104.0952892,30.6680148
370,104.0944986,30.6677845
371,104.0946892,30.6695854
372,104.089449,30.675637800000004
373,104.0904405,30.6765555
374,104.0868186,30.6606019
375,104.0892679,30.6620781
376,104.09206,30.6581244
377,104.0920269,30.6580717
378,104.0914335,30.6584053
379,104.1082958,30.6640526
380,104.1082915,30.6639424
381,104.1053356,30.6641657
382,104.1084416,30.6649382
383,104.1082411,30.659591
384,104.1082508,30.6603382
385,104.108229,30.6579804
386,104.106972,30.6595954
387,104.1086102,30.6595654
388,104.0961605,30.6621769
389,104.0955025,30.6610629
390,104.0962364,30.6634934
391,104.0974035,30.6621918
392,104.0933045,30.6646316
393,104.0944475,30.6645826
394,104.1037342,30.6642277
395,104.1025364,30.6642776
396,104.1037467,30.6641278
397,104.1030444,30.666337
398,104.1108969,30.6648515
399,104.1093866,30.664381899999995
400,104.110948,30.6647184
401,104.1035101,30.659972
402,104.1035903,30.6614918
403,104.0999847,30.6590147
404,104.1047604,30.6596924
405,104.1002374,30.6615433
406,104.0994716,30.661888300000005
407,104.1010666,30.671493800000004
408,104.1037446,30.6722807
409,104.1010355,30.6715695
410,104.1018841,30.6693682
411,104.1026771,30.6672967
412,104.1054449,30.6681201
413,104.101802,30.6670393
414,104.0867398,30.677097
415,104.0884472,30.6796716
416,104.0856224,30.675455300000003
417,104.0811056,30.6798659
418,104.0827306,30.6765995
419,104.0682994,30.6624675
420,104.0664075,30.6623974
421,104.0683961,30.6609716
422,104.0664485,30.660937100000005
423,104.0663096,30.6644875
424,104.0681124,30.6658005
425,104.0681758,30.664524
426,104.0662965,30.6658053
427,104.0662392,30.6677893
428,104.0697835,30.6690798
429,104.0713507,30.6683498
430,104.0696043,30.6685505
431,104.0710758,30.662607399999995
432,104.0710874,30.6610623
433,104.0718432,30.6623919
434,104.0705061,30.6626395
435,104.07509,30.663854
436,104.0745008,30.6630692
437,104.0753963,30.6642919
438,104.0764182,30.6621634
439,104.0776016,30.6626767
440,104.0728561,30.6638613
441,104.0733126,30.6645378
442,104.0699342,30.6584792
443,104.070218,30.660161100000003
444,104.0686615,30.6591064
445,104.0686662,30.6582563
446,104.069601,30.6560176
447,104.0680367,30.6569392
448,104.0704563,30.657275800000004
449,104.05305959999998,30.6556747
450,104.05470809999998,30.6571972
451,104.0510046,30.6566985
452,104.0526037,30.6591571
453,104.042383,30.7039011
454,104.0422663,30.7038352
455,104.0432857,30.7044185
456,104.0408227,30.7059082
457,104.0475705,30.6966649
458,104.0473662,30.6969992
459,104.0491512,30.6967457
460,104.0507341,30.7054542
461,104.0534912,30.7057882
462,104.0418702,30.7004126
463,104.040622,30.699632
464,104.0398256,30.7023575
465,104.0416646,30.696020500000003
466,104.0516257,30.6980074
467,104.0504564,30.6980189
468,104.0518959,30.6976685
469,104.0518923,30.698386
470,104.0550267,30.7020939
471,104.0550404,30.7013534
472,104.0538271,30.7020668
473,104.0476946,30.7001762
474,104.0477101,30.7002817
475,104.0467669,30.6996492
476,104.0491147,30.698056800000003
477,104.0511051,30.702054600000004
478,104.0530712,30.7020484
479,104.0500877,30.702027500000003
480,104.0516482,30.7000987
481,104.0494757,30.7039312
482,104.0490411,30.7044696
483,104.0482921,30.704055600000004
484,104.0546776,30.6931254
485,104.0547854,30.6954197
486,104.0536658,30.693149600000005
487,104.0565586,30.6964821
488,104.0496887,30.6906538
489,104.0526292,30.6874998
490,104.0522463,30.6874208
491,104.051385,30.6926091
492,104.0497943,30.6923702
493,104.052155,30.6926868
494,104.0522986,30.6955125
495,104.0527502,30.6954961
496,104.0548368,30.6967168
497,104.0486792,30.6922756
498,104.0528221,30.6931514
499,104.052333,30.696930600000005
500,104.0548459,30.6969397
501,104.0929611,30.673778
502,104.0929321,30.6738388
503,104.0957771,30.6746293
504,104.0937717,30.6717662
505,104.1090642,30.686661600000004
506,104.1073502,30.6850292
507,104.1096034,30.6871691
508,104.1111118,30.6838169
509,104.1083797,30.6874974
510,104.1081836,30.6837768
511,104.1065979,30.6860747
512,104.0946561,30.6696651
513,104.09741590000002,30.6704239
514,104.0975545,30.6704625
515,104.0975292,30.6705272
516,104.1041967,30.672421000000003
517,104.1047127,30.6725783
518,104.1057317,30.6705345
519,104.1074422,30.6733849
520,104.1068628,30.6685461
521,104.0823177,30.6760141
522,104.0843438,30.6749678
523,104.0789044,30.6777076
524,104.0815781,30.674943
525,104.0850109,30.6746432
526,104.0876812,30.6732608
527,104.0877623,30.673149100000003
528,104.0783024,30.6812299
529,104.0834657,30.6834437
530,104.0767234,30.6819858
531,104.0774447,30.6801027
532,104.0891486,30.6751625
533,104.0928859,30.6865185
534,104.0923589,30.6856934
535,104.0948094,30.6855223
536,104.0914399,30.6874937
537,104.0910122,30.6835854
538,104.0882062,30.6849512
539,104.092838,30.6826967
540,104.0892596,30.6808724
541,104.08905190000002,30.6806225
542,104.0907973,30.6797813
543,104.0893888,30.686736
544,104.0865201,30.685744
545,104.0877225,30.6842377
546,104.0825545,30.6876087
547,104.0810506,30.6883887
548,104.080611,30.684879
549,104.080278,30.686871000000004
550,104.0801249,30.6891001
551,104.0781159,30.691119800000003
552,104.0779425,30.691100899999995
553,104.0784515,30.6921938
554,104.0818843,30.691794
555,104.0843627,30.6954671
556,104.0828195,30.6932257
557,104.0867707,30.694249300000003
558,104.0761744,30.6865268
559,104.0761127,30.6863815
560,104.0733164,30.6875434
561,104.07752,30.6947706
562,104.0774889,30.6925682
563,104.0742178,30.6948031
564,104.0708927,30.6948148
565,104.07091640000002,30.696888399999995
566,104.0671832,30.6948454
567,104.0707137,30.6948182
568,104.067189,30.6927334
569,104.0638711,30.6948379
570,104.0742234,30.696848
571,104.0419053,30.6769524
572,104.0419492,30.677025800000003
573,104.0411064,30.6756667
574,104.0432747,30.676337300000004
575,104.0451129,30.6686516
576,104.042563,30.6699679
577,104.0400923,30.6740262
578,104.040453,30.6746244
579,104.0414675,30.673351500000003
580,104.0426,30.6728052
581,104.0422567,30.6701307
582,104.0446842,30.6732922
583,104.0406454,30.6943794
584,104.0426517,30.693789
585,104.0403413,30.6933193
586,104.0400028,30.6924312
587,104.0441001,30.6954127
588,104.0437232,30.6963005
589,104.0455602,30.693343
590,104.0471308,30.6920233
591,104.0501754,30.675146500000004
592,104.0517283,30.6743851
593,104.0497119,30.6742686
594,104.0513315,30.6769423
595,104.0490545,30.6753591
596,104.0543043,30.6733117
597,104.0549182,30.6744587
598,104.0543883,30.6732768
599,104.0566995,30.6722262
600,104.0546963,30.6738374
601,104.057819,30.671718
602,104.0578297,30.671329
603,104.0514075,30.6770349
604,104.0552748,30.6750963
605,104.0492645,30.6731827
606,104.0494464,30.6737532
607,104.0492551,30.6730696
608,104.0470615,30.6743463
609,104.0709158,30.6743223
610,104.0725308,30.6735633
611,104.0699548,30.6729604
612,104.06920440000002,30.6751365
613,104.0718857,30.6758238
614,104.0682386,30.6737578
615,104.0684522,30.6755072
616,104.0701999,30.6766091
617,104.0666973,30.6764266
618,104.0677925,30.6779244
619,104.0665841,30.676483500000003
620,104.067385,30.6741726
621,104.0735432,30.6749827
622,104.07366,30.6749278
623,104.071967,30.6844533
624,104.0701461,30.6847318
625,104.0732522,30.6874103
626,104.0755012,30.6830528
627,104.0754098,30.6826665
628,104.0745432,30.681093100000005
629,104.0738821,30.6800178
630,104.0744601,30.6797562
631,104.0696647,30.682154200000003
632,104.0672019,30.6969118
633,104.0707472,30.696886600000003
634,104.0671456,30.6905737
635,104.0706753,30.6905488
636,104.0637536,30.690581
637,104.0671444,30.6884424
638,104.0671503,30.6864377
639,104.0671448,30.6882834
640,104.0684143,30.6849821
641,104.06365490000002,30.6868332
642,104.0708286,30.6883658
643,104.0741838,30.6905045
644,104.0774477,30.690467
645,104.0708542,30.6905462
646,104.0742052,30.692642
647,104.0708692,30.6926848
648,104.0636649,30.6905811
649,104.0758782,30.6864674
650,104.0435047,30.6883334
651,104.0429761,30.6883269
652,104.0429548,30.687470399999995
653,104.0428836,30.6871432
654,104.057445,30.655267
655,104.0574839,30.6552292
656,104.0561239,30.6562544
657,104.0561615,30.6569097
658,104.0570573,30.656886600000004
659,104.0550925,30.6575756
660,104.0538091,30.6626102
661,104.0573463,30.658014399999995
662,104.0895225,30.6636999
663,104.0895828,30.663856
664,104.0717499,30.6568435
665,104.073,30.6585429
666,104.1085626,30.6655426
667,104.069613,30.6676822
668,104.0705217,30.6671767
669,104.0690245,30.667676
670,104.1062174,30.6621443
671,104.1063317,30.6640132
672,104.0771612,30.6598369
673,104.0764566,30.6587257
674,104.0787197,30.659126300000004
675,104.0992572,30.6662737
676,104.1003236,30.6665862
677,104.0984164,30.6683393
678,104.0658038,30.669574800000003
679,104.0663059,30.6694753
680,104.0458433,30.6991514
681,104.052526,30.700099800000004
682,104.0527229,30.700767
683,104.0524015,30.6996582
684,104.0535084,30.7020555
685,104.0517129,30.7035506
686,104.0459525,30.7099933
687,104.0449572,30.709907
688,104.0465338,30.709333
689,104.0457849,30.711431
690,104.0429409,30.7097043
691,104.0407814,30.7095608
692,104.0430443,30.7086902
693,104.042761,30.7112167
694,104.0471624,30.705447600000003
695,104.0476153,30.704888500000003
696,104.0472663,30.7069207
697,104.0453298,30.7049976
698,104.0405831,30.7112033
699,104.0446295,30.6968414
700,104.0444508,30.6976097
701,104.0435582,30.6966607
702,104.0517497,30.6996591
703,104.0473692,30.708213
704,104.0467979,30.7089832
705,104.0486619,30.7089142
706,104.0461122,30.6985488
707,104.0451586,30.6999212
708,104.0435058,30.7045446
709,104.0433222,30.706237100000003
710,104.0452361,30.715930199999995
711,104.0455444,30.713330900000003
712,104.042216,30.7156858
713,104.0442037,30.7172583
714,104.042541,30.7129414
715,104.0425513,30.7128597
716,104.0416196,30.7128692
717,104.070004,30.6847522
718,104.070809,30.6882198
719,104.10912890000002,30.6692306
720,104.1094558,30.669332300000004
721,104.1076883,30.668796500000003
722,104.1101681,30.6666105
723,104.1054542,30.6962802
724,104.1054421,30.696112100000004
725,104.1061106,30.6960126
726,104.1060594,30.6963076
727,104.10802259999998,30.6948136
728,104.1055437,30.6960964
729,104.1042669,30.694216600000004
730,104.1055191,30.6961751
731,104.1055479,30.6962552
732,104.1036191,30.6974258
733,104.1060266,30.6958951
734,104.1061696,30.6959242
735,104.1060863,30.6963881
736,104.10589190000002,30.6964281
737,104.1034303,30.697465
738,104.1091285,30.694084600000004
739,104.1048738,30.6946023
740,104.1129547,30.6913229
741,104.1036252,30.693415100000003
742,104.1034244,30.6927811
743,104.1032162,30.6929043
744,104.1050923,30.6915249
745,104.1086073,30.6946933
746,104.1024086,30.6915143
747,104.10176640000002,30.6911453
748,104.0996678,30.6884504
749,104.0999147,30.6883348
750,104.1012463,30.6900475
751,104.0995092,30.6882245
752,104.0982213,30.6889504
753,104.0997464,30.6881022
754,104.1001408,30.6873403
755,104.0988258,30.6873204
756,104.098099,30.6862992
757,104.0961254,30.6895367
758,104.0985989,30.6882427
759,104.0993049,30.6879683
760,104.09943359999998,30.6886239
761,104.0969116,30.689567800000003
762,104.100166,30.6882168
763,104.0964959,30.6897583
764,104.0995121,30.687846500000003
765,104.1006812,30.6865631
766,104.1000507,30.6883043
767,104.101461,30.6851482
768,104.1025405,30.684157300000003
769,104.0989407,30.6818742
770,104.0998961,30.680099
771,104.0962357,30.6898872
772,104.0974614,30.691265100000003
773,104.0951156,30.6826156
774,104.0945241,30.6818807
775,104.0952537,30.685292200000003
776,104.0966972,30.6845543
777,104.0947031,30.6817876
778,104.0952785,30.682482500000003
779,104.0956716,30.6829554
780,104.0980887,30.680311100000004
781,104.0924499,30.678934100000003
782,104.0927195,30.6791691
783,104.0921807,30.6791691
784,104.0915039,30.6782852
785,104.0910287,30.680002500000004
786,104.0836003,30.6836141
787,104.0909637,30.6772049
788,104.0918819,30.6627574
789,104.0917788,30.6628075
790,104.0914217,30.668756
791,104.0867655,30.6651472
792,104.0937681,30.6618691
793,104.0962913,30.6644343
794,104.0975152,30.6643817
795,104.0982702,30.6597855
796,104.0980162,30.659899900000003
797,104.0992875,30.661599
798,104.0981795,30.659635700000003
799,104.0998916,30.6588675
800,104.0979249,30.6597588
801,104.0971349,30.6603191
802,104.0997977,30.662513
803,104.0992074,30.6616406
804,104.0990125,30.661434600000003
805,104.0968662,30.6578519
806,104.0972396,30.6581052
807,104.0964194,30.6571
808,104.1007252,30.6584659
809,104.1131461,30.6554066
810,104.1149685,30.6565059
811,104.1153716,30.6566945
812,104.1166686,30.657301300000004
813,104.1179174,30.6578961
814,104.1173337,30.6559558
815,104.0633195,30.656976500000003
816,104.0605598,30.656944300000003
817,104.0626293,30.658811199999995
818,104.0633219,30.658587800000003
819,104.0642019,30.6588494
820,104.058283,30.6565707
821,104.0584011,30.6568829
822,104.0581951,30.663440100000003
823,104.0584126,30.6588357
824,104.0621263,30.658806899999995
825,104.0583646,30.6606004
826,104.0583546,30.6607393
827,104.0583104,30.6623647
828,104.0633002,30.6580274
829,104.0601001,30.6555679
830,104.060512,30.6563651
831,104.0672243,30.726804
832,104.0745481,30.7258244
833,104.0731741,30.7271629
834,104.0724353,30.7262427
835,104.0720209,30.727247
836,104.0712031,30.7265529
837,104.1047968,30.7258483
838,104.1009983,30.716981800000003
839,104.0794868,30.6853253
840,104.0778809,30.685904600000004
841,104.0932352,30.7037793
842,104.0922359,30.7023366
843,104.0933761,30.7037204
844,104.0916828,30.7046781
845,104.0891213,30.7073469
846,104.0886113,30.7079937
847,104.0900605,30.7062326
848,104.0881566,30.7065711
849,104.0899149,30.7089208
850,104.0875269,30.7073247
851,104.0739972,30.7154475
852,104.0720449,30.716667699999995
853,104.073987,30.7153293
854,104.0740982,30.716734
855,104.0894766,30.7126506
856,104.0915892,30.7134083
857,104.0867566,30.7129278
858,104.0867448,30.7127943
859,104.0844033,30.713115500000004
860,104.0970402,30.7098017
861,104.0986799,30.7120062
862,104.0969542,30.7098409
863,104.0961452,30.708382500000003
864,104.0940162,30.7112516
865,104.1006345,30.7039317
866,104.0994905,30.706250399999995
867,104.0962794,30.7083293
868,104.0963503,30.7082979
869,104.0951524,30.706774600000003
870,104.0947926,30.7090468
871,104.0985133,30.7121043
872,104.0952589,30.7067188
873,104.0946728,30.7060713
874,104.09984509999998,30.7035664
875,104.1010626,30.7033485
876,104.1012457,30.703892600000003
877,104.10208459999998,30.7034933
878,104.1033788,30.697325300000003
879,104.0891416,30.6979848
880,104.08931,30.697965600000003
881,104.0887389,30.6973876
882,104.0892173,30.698092600000003
883,104.0903768,30.6980534
884,104.0696217,30.7051584
885,104.0696252,30.705065500000003
886,104.0696405,30.7073174
887,104.0696423,30.709557500000003
888,104.0713174,30.7072833
889,104.0715419,30.7087169
890,104.0671275,30.7106507
891,104.0696739,30.7122732
892,104.0656439,30.7112582
893,104.0674139,30.7124346
894,104.0670058,30.709937
895,104.0729342,30.7087066
896,104.0719481,30.7050203
897,104.0665469,30.7050908
898,104.0749813,30.7085475
899,104.0718545,30.7120979
900,104.078049,30.7113374
901,104.0781758,30.7113508
902,104.0772949,30.7083804
903,104.0781539,30.7118916
904,104.0775579,30.7083693
905,104.0777795,30.7087961
906,104.0720118,30.7140983
907,104.0717264,30.7121082
908,104.0699325,30.714224800000004
909,104.0718692,30.7140458
910,104.0788779,30.6997338
911,104.0783475,30.6969885
912,104.0787718,30.6970822
913,104.0774523,30.6968126
914,104.0814755,30.6967522
915,104.0817129,30.6937149
916,104.077398,30.6970451
917,104.077282,30.6970453
918,104.0787821,30.695518
919,104.0676815,30.6779755
920,104.0692266,30.6798275
921,104.1249057,30.6762648
922,104.1225481,30.6752193
923,104.098971,30.7128615
924,104.0989753,30.7155644
925,104.1006,30.716035
926,104.0658245,30.712596100000003
927,104.0676995,30.7144187
928,104.0640755,30.7119173
929,104.0641999,30.7118546
930,104.0640337,30.7115606
931,104.0608946,30.7149329
932,104.0632694,30.7147545
933,104.060909,30.715001399999995
934,104.0718728,30.7141714
935,104.0738727,30.7140355
936,104.0720488,30.7147015
937,104.0677088,30.7145165
938,104.0766467,30.6868511
939,104.0764049,30.6862762
940,104.0764652,30.6864339
941,104.07647,30.6862517
942,104.0637168,30.6882637
943,104.0584292,30.6884095
944,104.0605835,30.6900817
945,104.0706432,30.688238800000004
946,104.0580552,30.663550399999995
947,104.0544135,30.6645359
948,104.058047,30.6626313
949,104.0602524,30.6553956
950,104.0719265,30.6782016
951,104.0731431,30.6777757
952,104.0715144,30.6774978
953,104.0705217,30.6794445
954,104.0735245,30.6783755
955,104.1119641,30.6700831
956,104.1127338,30.6703087
957,104.1108441,30.6728757
958,104.1150105,30.674097
959,104.1141514,30.6738452
960,104.1157953,30.6712161
961,104.1122042,30.679547
962,104.1160747,30.6744283
963,104.0983555,30.6808461
964,104.098998,30.6819423
965,104.0975412,30.6827345
966,104.0673791,30.726298600000003
967,104.06746590000002,30.7262839
968,104.0664452,30.7236784
969,104.0661905,30.7231979
970,104.0661238,30.7227571
971,104.06315759999998,30.721876
972,104.066276,30.7233956
973,104.0663371,30.7233537
974,104.067763,30.7283113
975,104.0674481,30.727045
976,104.0645265,30.7146609
977,104.0646465,30.71465
978,104.0642345,30.7127471
979,104.0659135,30.72015
980,104.0658934,30.720031
981,104.0853577,30.6862907
982,104.0843574,30.684767200000003
983,104.0867935,30.6884774
984,104.0853366,30.6920812
985,104.0851631,30.691803600000004
986,104.0869179,30.6941784
987,104.0808455,30.692313800000004
988,104.083098,30.691166100000004
989,104.087526,30.689593
990,104.0891179,30.6888341
991,104.0880253,30.6903534
992,104.0903817,30.6882074
993,104.0916325,30.6900791
994,104.0886658,30.6870652
995,104.0907919,30.6864787
996,104.0878329,30.6869104
997,104.0881029,30.6873011
998,104.0860118,30.6849348
999,104.0884885,30.6910589
1000,104.1031869,30.6871881
1001,104.103202,30.6889103
1002,104.1012769,30.6863829
1003,104.1038378,30.6847381
1004,104.1164095,30.6888068
1005,104.1184337,30.6873229
1006,104.1139095,30.6864482
1007,104.1086301,30.6784303
1008,104.1094401,30.6762776
1009,104.1111694,30.6792239
1010,104.1099471,30.6750342
1011,104.107484,30.674294300000003
1012,104.1121239,30.6770965
1013,104.1155317,30.6711373
1014,104.1171768,30.6716526
1015,104.1137897,30.6800166
1016,104.0746267,30.6760603
1017,104.0747686,30.675989
1018,104.0726677,30.676971
1019,104.0715876,30.6722141
1020,104.072651,30.673500800000003
1021,104.08454,30.6680803
1022,104.0863933,30.667299100000005
1023,104.0854961,30.6696199
1024,104.0840076,30.673682300000003
1025,104.0836976,30.673226
1026,104.0897339,30.6699251
1027,104.0835525,30.6744089
1028,104.0894725,30.6695351
1029,104.0885161,30.6681243
1030,104.089009,30.6688514
1031,104.0873526,30.6687212
1032,104.0876746,30.66683
1033,104.0878152,30.6732245
1034,104.09021,30.6729697
1035,104.1019925,30.6764466
1036,104.1019634,30.676548600000004
1037,104.1032139,30.6745251
1038,104.1026309,30.676654
1039,104.1057315,30.6775974
1040,104.1061085,30.6777154
1041,104.10704859999998,30.6743636
1042,104.1001798,30.673654600000003
1043,104.1012847,30.6739685
1044,104.0979726,30.6729993
1045,104.0993865,30.6756804
1046,104.0967116,30.6726175
1047,104.0959001,30.6746395
1048,104.0965641,30.6725742
1049,104.1025414,30.6743322
1050,104.1041526,30.6725282
1051,104.1045921,30.6702081
1052,104.1062803,30.6683669
1053,104.0972702,30.6679886
1054,104.1103952,30.6660418
1055,104.114913,30.6633959
1056,104.116204,30.663867
1057,104.1164734,30.6606391
1058,104.1140608,30.6656081
1059,104.1219767,30.6625979
1060,104.1200377,30.658939
1061,104.1216678,30.6632307
1062,104.0523509,30.6633503
1063,104.0501416,30.663287100000005
1064,104.0516904,30.6644148
1065,104.0491602,30.667348
1066,104.0475648,30.6678646
1067,104.0485473,30.6657565
1068,104.0492802,30.6680667
1069,104.04956690000002,30.6694158
1070,104.0494177,30.6687137
1071,104.0535468,30.6675474
1072,104.0497381,30.670829
1073,104.04644240000002,30.6708997
1074,104.0960616,30.6848815
1075,104.096664,30.6845159
1076,104.0992775,30.6782973
1077,104.0948348,30.6769561
1078,104.0988079,30.6794702
1079,104.1001588,30.6760956
1080,104.1077938,30.67349
1081,104.110406,30.6596523
1082,104.1122733,30.6595265
1083,104.1122551,30.658129
1084,104.1122347,30.6564434
1085,104.1113283,30.657698
1086,104.1137422,30.6706058
1087,104.1117769,30.6679497
1088,104.1109248,30.676730600000003
1089,104.1070009,30.675546
1090,104.1126304,30.673399300000003
1091,104.1083322,30.6721343
1092,104.1142241,30.6860625
1093,104.1129175,30.6847692
1094,104.1160378,30.6847057
1095,104.1102599,30.6833478
1096,104.1036868,30.6723843
1097,104.1118427,30.6827864
1098,104.1133922,30.6836139
1099,104.1110665,30.688539
1100,104.1102442,30.6877838
1101,104.109379,30.6901054
1102,104.1064479,30.689861800000003
1103,104.107962,30.6911643
1104,104.1075032,30.6885728
1105,104.1016237,30.6856738
1106,104.1126702,30.6816196
1107,104.1137459,30.6801119
1108,104.1140306,30.6822298
1109,104.108865,30.681601
1110,104.0961635,30.6835471
1111,104.0966878,30.684299900000003
1112,104.1026472,30.676771
1113,104.1046693,30.6726794
1114,104.108572,30.6660674
1115,104.09520390000002,30.686098
1116,104.0934669,30.689983
1117,104.0941428,30.6902045
1118,104.0974788,30.6931342
1119,104.0984207,30.6926751
1120,104.0960265,30.6938373
1121,104.0965577,30.691766
1122,104.0951818,30.6925577
1123,104.0924814,30.6913821
1124,104.0950276,30.692632
1125,104.1004927,30.6917143
1126,104.0994133,30.694215000000003
1127,104.0852938,30.6917232
1128,104.0737365,30.6786932
1129,104.075464,30.6793788
1130,104.0735645,30.678437
1131,104.0692628,30.6798839
1132,104.08544659999998,30.665767
1133,104.079872,30.6639795
1134,104.0781013,30.6648232
1135,104.0798327,30.6639273
1136,104.0780527,30.7118939
1137,104.084127,30.7119864
1138,104.0843888,30.712999300000003
1139,104.0865805,30.7115761
1140,104.0876025,30.7114395
1141,104.0876328,30.701780600000003
1142,104.0875375,30.7005146
1143,104.0860221,30.7009349
1144,104.0874727,30.7029651
1145,104.0867818,30.7029696
1146,104.0883368,30.7029749
1147,104.08657159999998,30.705174100000004
1148,104.0916918,30.707562300000003
1149,104.0905888,30.710712
1150,104.0511303,30.699129
1151,104.0530236,30.6991269
1152,104.0517763,30.698576300000003
1153,104.0524091,30.6985733
1154,104.0537409,30.6985199
1155,104.0522814,30.6983735
1156,104.0509433,30.6991276
1157,104.0799308,30.7246548
1158,104.080857,30.7271615
1159,104.0767077,30.7252961
1160,104.0808445,30.7276708
1161,104.0886676,30.7216647
1162,104.0893655,30.7217453
1163,104.0934197,30.7213603
1164,104.1176157,30.6585687
1165,104.1178994,30.6580531
1166,104.1124966,30.6578642
1167,104.0805661,30.6942081
1168,104.064972,30.6609072
1169,104.0669838,30.6607604
1170,104.0616796,30.6608656
1171,104.0616938,30.6606365
1172,104.0601325,30.660847600000004
1173,104.0617632,30.6591133
1174,104.0649772,30.6606999
1175,104.0649106,30.6624706
1176,104.0638075,30.6608934
1177,104.0589031,30.6607504
1178,104.0807912,30.6848135
1179,104.0883202,30.693779600000003
1180,104.0882613,30.6963614
1181,104.0823404,30.6966789
1182,104.0496205,30.72884
1183,104.0458167,30.7285668
1184,104.0597661,30.7278875
1185,104.0577955,30.7280945
1186,104.0465872,30.7277672
1187,104.0444808,30.7285536
1188,104.0452801,30.7274266
1189,104.0514912,30.7284685
1190,104.0412324,30.725291
1191,104.0468991,30.7248987
1192,104.11270340000002,30.7197516
1193,104.11285809999998,30.7197334
1194,104.112628,30.7192223
1195,104.120454,30.71922
1196,104.1115325,30.7204627
1197,104.0595314,30.7273045
1198,104.0610963,30.7270679
1199,104.0697166,30.726818100000003
1200,104.0681862,30.726976500000003
1201,104.1103946,30.667015000000003
1202,104.1125818,30.6675286
1203,104.1129675,30.667318800000004
1204,104.1144288,30.682767
1205,104.1138355,30.6826527
1206,104.0617127,30.6624457
1207,104.0625261,30.6624425
1208,104.0632712,30.6630275
1209,104.0628568,30.6618274
1210,104.0640754,30.6624527
1211,104.063772,30.661847
1212,104.0638042,30.6640502
1213,104.0628827,30.660876300000005
1214,104.062719,30.6639631
1215,104.0632687,30.6639649
1216,104.0625608,30.6580308
1217,104.050665,30.7047077
1218,104.052203,30.7039485
1219,104.050434,30.6996733
1220,104.091187,30.7049771
1221,104.0929,30.7069398
1222,104.0908574,30.7030233
1223,104.0921314,30.7073358
1224,104.0937076,30.706511
1225,104.0905158,30.7056378
1226,104.0901067,30.7053998
1227,104.0933321,30.705918
1228,104.0609939,30.6725505
1229,104.0595487,30.6732419
1230,104.0622918,30.6745274
1231,104.0707714,30.6763648
1232,104.0941115,30.6910004
1233,104.0939643,30.6910724
1234,104.1178505,30.6669391
1235,104.1175432,30.6668482
1236,104.1181838,30.6690896
1237,104.1237663,30.670830100000003
1238,104.1196186,30.6676097
1239,104.12198,30.6730966
1240,104.1234656,30.673542600000005
1241,104.1213498,30.6747179
1242,104.1165977,30.673099
1243,104.1229055,30.6790517
1244,104.1229716,30.6790816
1245,104.1200347,30.6781608
1246,104.1241406,30.6776736
1247,104.1205264,30.6768284
1248,104.1252769,30.6766588
1249,104.1105651,30.6564554
1250,104.1103482,30.659535700000003
1251,104.0935953,30.6673843
1252,104.0830567,30.6747848
1253,104.0511665,30.7105952
1254,104.0484768,30.7068473
1255,104.0461271,30.7069578
1256,104.0498312,30.7067855
1257,104.0681699,30.702629700000003
1258,104.0690505,30.7026415
1259,104.06665759999998,30.702618
1260,104.0642924,30.7007765
1261,104.0551667,30.6798906
1262,104.0550663,30.679815500000004
1263,104.0534034,30.681364
1264,104.075259,30.6768881
1265,104.075384,30.676827000000003
1266,104.0759826,30.6806552
1267,104.0591597,30.6623783
1268,104.076471,30.6789393
1269,104.0606145,30.6916474
1270,104.060599,30.6908655
1271,104.0575794,30.6916936
1272,104.0574859,30.691694
1273,104.0584012,30.696929200000003
1274,104.0591769,30.6908809
1275,104.0574315,30.691129600000004
1276,104.05732,30.6884169
1277,104.057171,30.6894905
1278,104.0570324,30.692615600000003
1279,104.0574894,30.6963703
1280,104.0576958,30.6969402
1281,104.0565918,30.6965434
1282,104.0576045,30.6882841
1283,104.0576073,30.6878154
1284,104.0585709,30.6882674
1285,104.0574013,30.6868253
1286,104.0569367,30.6876833
1287,104.0566172,30.6882711
1288,104.0673334,30.6827855
1289,104.0675352,30.6832029
1290,104.0694685,30.6819175
1291,104.0576284,30.7007715
1292,104.0577064,30.6972003
1293,104.0566543,30.6969222
1294,104.0482455,30.6975288
1295,104.0479453,30.697362
1296,104.0648209,30.675381
1297,104.0613598,30.6770495
1298,104.0667463,30.6784459
1299,104.0654413,30.6790592
1300,104.1057368,30.6596478
1301,104.1063758,30.6596207
1302,104.1049397,30.6566686
1303,104.11007,30.6676132
1304,104.1064109,30.676794
1305,104.1251453,30.7129475
1306,104.1251146,30.7128563
1307,104.1234928,30.713144300000003
1308,104.111822,30.7147012
1309,104.1118087,30.7145788
1310,104.1097394,30.7149524
1311,104.0927831,30.7170689
1312,104.0928077,30.717179100000003
1313,104.0925555,30.716324100000005
1314,104.0962162,30.7166177
1315,104.0866516,30.717886600000003
1316,104.0896899,30.7174987
1317,104.0867163,30.717992
1318,104.0883333,30.714703600000004
1319,104.0870927,30.721929100000004
1320,104.0873847,30.721880100000003
1321,104.0867501,30.7200717
1322,104.1107194,30.6654256
1323,104.1122873,30.6586929
1324,104.1112199,30.66496
1325,104.1126648,30.6669488
1326,104.1188311,30.6826083
1327,104.1187026,30.681656300000004
1328,104.1180236,30.6832153
1329,104.1213947,30.6850284
1330,104.1214901,30.685136199999995
1331,104.1230887,30.686698
1332,104.1199844,30.6862874
1333,104.0826394,30.6650458
1334,104.0839003,30.6645015
1335,104.0835843,30.6664533
1336,104.086062,30.663813
1337,104.0861765,30.6640162
1338,104.084756,30.6615881
1339,104.115282,30.656829100000003
1340,104.0996763,30.7216855
1341,104.1013577,30.724154
1342,104.0921872,30.7219643
1343,104.0478458,30.7134322
1344,104.0455547,30.713249600000005
1345,104.0427369,30.7113968
1346,104.0404081,30.7126711
1347,104.0400366,30.715469
1348,104.0403978,30.712757
1349,104.0397718,30.717399100000005
1350,104.042061,30.717057
1351,104.0468228,30.7206809
1352,104.0429315,30.718919300000003
1353,104.0492476,30.722424100000005
1354,104.041964,30.719677
1355,104.0418341,30.719755300000003
1356,104.0401723,30.717876300000004
1357,104.0407765,30.7059741
1358,104.0406788,30.7028977
1359,104.0672104,30.6978582
1360,104.0672039,30.6971441
1361,104.0675831,30.6992502
1362,104.0737909,30.6977886
1363,104.0736353,30.6987461
1364,104.0728421,30.6977913
1365,104.0738543,30.6970738
1366,104.1066466,30.680638
1367,104.0796485,30.6606451
1368,104.0787664,30.6592711
1369,104.0862404,30.659699
1370,104.0836754,30.6587488
1371,104.0843195,30.656662100000005
1372,104.0854969,30.661236
1373,104.0867721,30.6605357
1374,104.0881223,30.662591100000004
1375,104.0830734,30.6590479
1376,104.0849014,30.6603369
1377,104.0872003,30.6635473
1378,104.0854476,30.6611659
1379,104.0847195,30.661530300000003
1380,104.0763106,30.6656999
1381,104.0762715,30.6656376
1382,104.0763946,30.6656584
1383,104.0783527,30.665235600000003
1384,104.0624488,30.6747592
1385,104.0582862,30.6764701
1386,104.0586413,30.678291100000003
1387,104.0612864,30.676934000000003
1388,104.0622452,30.6783995
1389,104.0630297,30.679581
1390,104.0635538,30.6799462
1391,104.0631079,30.680098699999995
1392,104.0634516,30.6802544
1393,104.0637679,30.6807408
1394,104.04144,30.6684761
1395,104.0413381,30.6706189
1396,104.0457758,30.6734127
1397,104.0458428,30.673419300000003
1398,104.0536589,30.667499300000003
1399,104.0579702,30.6663095
1400,104.0535727,30.6687001
1401,104.0442985,30.6821523
1402,104.0455858,30.6858952
1403,104.0455537,30.6859934
1404,104.0449802,30.6858882
1405,104.09162890000002,30.7026148
1406,104.0903584,30.703017
1407,104.0923367,30.7022784
1408,104.0896637,30.7030082
1409,104.0893774,30.704254
1410,104.0930998,30.7098571
1411,104.0931998,30.7191559
1412,104.0954041,30.718878000000004
1413,104.0920335,30.7193178
1414,104.0868797,30.7200045
1415,104.0900825,30.719571
1416,104.0965595,30.7187428
1417,104.0960555,30.718800899999994
1418,104.0962402,30.7167272
1419,104.0966353,30.7190733
1420,104.0960305,30.715847
1421,104.0945189,30.7160545
1422,104.0955233,30.7141272
1423,104.0921926,30.7152034
1424,104.090392,30.7173925
1425,104.089708,30.717594
1426,104.0904538,30.7165052
1427,104.0916516,30.7135937
1428,104.0918569,30.714216200000003
1429,104.0905282,30.7156266
1430,104.1123017,30.7173007
1431,104.110193,30.7175865
1432,104.1124126,30.717292600000004
1433,104.1046347,30.7182855
1434,104.1034292,30.7186627
1435,104.1075506,30.7179182
1436,104.1043961,30.7170482
1437,104.1021651,30.719066700000003
1438,104.1031109,30.7209057
1439,104.104129,30.7156679
1440,104.1041139,30.715579
1441,104.1008275,30.7161211
1442,104.1076499,30.717907500000003
1443,104.107419,30.717133500000003
1444,104.10713309999998,30.7152845
1445,104.1071184,30.715189
1446,104.107258,30.7160682
1447,104.1067473,30.7128962
1448,104.111561,30.7123049
1449,104.1065069,30.7113609
1450,104.0747303,30.7225071
1451,104.0745397,30.7207477
1452,104.0722431,30.722817
1453,104.0747938,30.7249862
1454,104.0801818,30.7219324
1455,104.0745371,30.720691100000003
1456,104.0802771,30.7200742
1457,104.0495723,30.6573334
1458,104.0487122,30.6596189
1459,104.0509094,30.6566982
1460,104.0491137,30.6625833
1461,104.0494521,30.6632733
1462,104.0486799,30.6623049
1463,104.0531357,30.6611065
1464,104.0485007,30.6620189
1465,104.0477941,30.663810100000003
1466,104.0505275,30.662773699999995
1467,104.050825,30.6626633
1468,104.0533214,30.6616575
1469,104.050847,30.6631846
1470,104.0528602,30.660218100000005
1471,104.0494076,30.6607088
1472,104.0519756,30.6649154
1473,104.06896009999998,30.7050725
1474,104.0719858,30.702693300000004
1475,104.0642352,30.7025649
1476,104.0739448,30.7050174
1477,104.0754873,30.7247712
1478,104.0787952,30.723923
1479,104.1103633,30.700250800000003
1480,104.1142379,30.7002043
1481,104.1103754,30.7015544
1482,104.1093241,30.7002665
1483,104.1076309,30.7002921
1484,104.1076562,30.701122700000003
1485,104.1084585,30.7002796
1486,104.104573,30.7003324
1487,104.1038023,30.700342600000003
1488,104.1130571,30.7015283
1489,104.1116166,30.7015237
1490,104.1132,30.7033074
1491,104.1133681,30.7010532
1492,104.1104058,30.7048456
1493,104.1076786,30.7016229
1494,104.1076742,30.7033472
1495,104.1058871,30.701641
1496,104.1031052,30.701686100000003
1497,104.102625,30.7016946
1498,104.1045249,30.701667200000003
1499,104.1031529,30.703444800000003
1500,104.1059103,30.7034307
1501,104.118982,30.7032511
1502,104.1164182,30.7032928
1503,104.1189708,30.7027034
1504,104.1188264,30.7047962
1505,104.1144575,30.703283000000003
1506,104.1143983,30.7028838
1507,104.1145056,30.7063759
1508,104.1103972,30.7056446
1509,104.1104003,30.706180199999995
1510,104.1104338,30.7063545
1511,104.0781957,30.6613271
1512,104.0773405,30.6599308
1513,104.0770904,30.6618463
1514,104.0813658,30.6632273
1515,104.0813213,30.6631557
1516,104.0803946,30.66167
1517,104.0706487,30.6706311
1518,104.0682298,30.669573100000004
1519,104.0689337,30.6714666
1520,104.0802275,30.6680152
1521,104.07957,30.6735368
1522,104.0787595,30.6725658
1523,104.0800945,30.6740796
1524,104.0767905,30.669788800000003
1525,104.08031640000002,30.6718599
1526,104.0778022,30.6712099
1527,104.0752209,30.6741326
1528,104.0794334,30.670454
1529,104.0760551,30.6719982
1530,104.0697759,30.6626423
1531,104.0684338,30.662636300000003
1532,104.06977109999998,30.6661349
1533,104.0682751,30.6661391
1534,104.0717077,30.6652913
1535,104.0706364,30.6673389
1536,104.0713985,30.668417100000003
1537,104.0709421,30.6677716
1538,104.0738548,30.667222
1539,104.0733584,30.6646062
1540,104.0727386,30.6648124
1541,104.0863593,30.6710094
1542,104.081663,30.6637018
1543,104.0834526,30.6666724
1544,104.0828447,30.6688363
1545,104.0682208,30.6717387
1546,104.068347,30.671699
1547,104.0818342,30.6672593
1548,104.0743308,30.6727416
1549,104.0734141,30.6713471
1550,104.0821581,30.6710255
1551,104.081195,30.6695929
1552,104.078498,30.6689755
1553,104.0803019,30.6681304
1554,104.0723834,30.6698048
1555,104.0733321,30.671228600000003
1556,104.0750482,30.6704168
1557,104.0544437,30.725092600000004
1558,104.0517238,30.7250048
1559,104.0561559,30.7232135
1560,104.0580203,30.6649297
1561,104.0579804,30.6655682
1562,104.053708,30.6667224
1563,104.0520894,30.6667892
1564,104.0473497,30.7248492
1565,104.1012443,30.7171199
1566,104.1022385,30.7194446
1567,104.0555822,30.7169317
1568,104.0556825,30.716835600000003
1569,104.0558713,30.6739928
1570,104.0550126,30.6744148
1571,104.0556549,30.6844028
1572,104.0546624,30.6878697
1573,104.0849391,30.7026606
1574,104.0848283,30.701761600000005
1575,104.0834471,30.7022724
1576,104.0707064,30.692687
1577,104.0823658,30.7009049
1578,104.0847047,30.7009233
1579,104.0853472,30.7017266
1580,104.0587609,30.7051021
1581,104.0611202,30.706786600000004
1582,104.0614812,30.703058
1583,104.0668649,30.7091106
1584,104.065306,30.7092817
1585,104.06380190000002,30.709451
1586,104.063692,30.7094625
1587,104.0623347,30.7092598
1588,104.0618099,30.7103123
1589,104.0600888,30.7125283
1590,104.0739729,30.7027265
1591,104.0739529,30.7020194
1592,104.043257,30.7068375
1593,104.0409994,30.707093100000005
1594,104.0458556,30.7071316
1595,104.0444382,30.7063273
1596,104.0458701,30.7085021
1597,104.0397509,30.7175511
1598,104.0712797,30.705159
1599,104.0441316,30.7087785
1600,104.0457302,30.7083169
1601,104.0402731,30.7066221
1602,104.0827037,30.6613283
1603,104.0817914,30.6617266
1604,104.0819878,30.6595607
1605,104.0808192,30.662150800000003
1606,104.0814254,30.6631053
1607,104.0807565,30.6601274
1608,104.0817416,30.6591974
1609,104.1151501,30.6767025
1610,104.1168129,30.6746459
1611,104.0923368,30.659930300000003
1612,104.1253227,30.6767094
1613,104.1160383,30.6821188
1614,104.1198646,30.6740707
1615,104.0739475,30.7008893
1616,104.0431327,30.7112589
1617,104.0721343,30.7155831
1618,104.043358,30.712190600000003
1619,104.0609627,30.7115298
1620,104.0719155,30.7147099
1621,104.0664487,30.7174776
1622,104.0449075,30.7102355
1623,104.0648574,30.716725399999994
1624,104.064966,30.7167154
1625,104.0645356,30.7147338
1626,104.0653334,30.7176475
1627,104.0654456,30.7176214
1628,104.063216,30.719736600000005
1629,104.0619675,30.7212663
1630,104.0615236,30.7220586
1631,104.0594749,30.7217063
1632,104.0448547,30.7106548
1633,104.0502411,30.7215211
1634,104.0654542,30.7101488
1635,104.0643516,30.7127352
1636,104.049473,30.7225846
1637,104.0662881,30.7174944
1638,104.0664858,30.7176254
1639,104.056196,30.7221348
1640,104.0651964,30.7072205
1641,104.0499907,30.722899
1642,104.0497772,30.722786600000003
1643,104.0532909,30.7225712
1644,104.0404843,30.7151549
1645,104.0407864,30.6816271
1646,104.0449878,30.6858033
1647,104.0421296,30.6836829
1648,104.0442623,30.680132300000004
1649,104.0452984,30.681036
1650,104.0433268,30.679322600000003
1651,104.0427216,30.6812148
1652,104.0578464,30.6740823
1653,104.0594999,30.6731514
1654,104.0442629,30.6819685
1655,104.0411848,30.6801843
1656,104.0640851,30.672854
1657,104.06400390000002,30.672904700000004
1658,104.0647422,30.6752697
1659,104.0639403,30.674013800000004
1660,104.0654458,30.6749017
1661,104.0568592,30.6687925
1662,104.0536866,30.6700214
1663,104.0496835,30.671455600000005
1664,104.0534689,30.6687071
1665,104.105986,30.7077642
1666,104.1059477,30.7063255
1667,104.1034364,30.707756300000003
1668,104.11132,30.710763
1669,104.0537743,30.670908
1670,104.0459975,30.672399100000003
1671,104.0471968,30.672050899999995
1672,104.0495493,30.6720396
1673,104.0535921,30.6701733
1674,104.0581077,30.6663117
1675,104.053735,30.6717561
1676,104.0541327,30.6725833
1677,104.0577833,30.6710823
1678,104.0578101,30.6700158
1679,104.0577549,30.6740108
1680,104.0578463,30.6739725
1681,104.0577764,30.673243
1682,104.0591759,30.6725382
1683,104.0578822,30.673043100000005
1684,104.0580319,30.6707815
1685,104.0632544,30.675980100000004
1686,104.0631608,30.669425800000003
1687,104.080652,30.674454
1688,104.0812851,30.6747631
1689,104.0674967,30.6562044
1690,104.0891592,30.7057078
1691,104.073327,30.6558977
1692,104.0591159,30.727759
1693,104.1097703,30.691544300000004
1694,104.08922640000002,30.675100300000004
1695,104.0978698,30.6857752
1696,104.103818,30.6815618
1697,104.0812617,30.7044827
1698,104.0798225,30.706382399999995
1699,104.0419199,30.6858512
1700,104.040901,30.6867022
1701,104.0400344,30.6873691
1702,104.0485416,30.6922582
1703,104.0470684,30.6901125
1704,104.0486208,30.6926842
1705,104.0561002,30.6826875
1706,104.0600683,30.683822
1707,104.0602239,30.683821500000004
1708,104.059238,30.6808654
1709,104.0589325,30.683875300000004
1710,104.0938215,30.6999969
1711,104.0938178,30.7003257
1712,104.0918022,30.7000625
1713,104.0969195,30.7001145
1714,104.0969221,30.7017243
1715,104.0983786,30.700190600000003
1716,104.0997226,30.7011615
1717,104.1009642,30.701694300000003
1718,104.1007108,30.7016962
1719,104.1021901,30.7016842
1720,104.0938376,30.7017358
1721,104.0993285,30.7017065
1722,104.0969235,30.703050399999995
1723,104.0947402,30.7032418
1724,104.0938105,30.7009758
1725,104.0984403,30.7031403
1726,104.0579801,30.6766139
1727,104.0592354,30.6778789
1728,104.0469864,30.7248274
1729,104.0470388,30.7247144
1730,104.04486,30.7232678
1731,104.047111,30.7250896
1732,104.0554704,30.7008319
1733,104.0570161,30.6972053
1734,104.0550184,30.7007222
1735,104.0792465,30.6969918
1736,104.0694569,30.6608113
1737,104.0695791,30.6608049
1738,104.0692493,30.659675
1739,104.0695835,30.661030100000005
1740,104.1134439,30.7144744
1741,104.1119439,30.7146842
1742,104.1182363,30.7205075
1743,104.1230765,30.7200367
1744,104.1203997,30.7226192
1745,104.1167036,30.7200713
1746,104.1187826,30.7210885
1747,104.1104587,30.7205956
1748,104.1079784,30.7208869
1749,104.1110747,30.7221642
1750,104.1190735,30.7213127
1751,104.1180635,30.7216069
1752,104.1184403,30.7219632
1753,104.1196269,30.7218598
1754,104.1189271,30.7226883
1755,104.1212323,30.7247583
1756,104.0559548,30.7232331
1757,104.0558749,30.7246983
1758,104.0535014,30.7235665
1759,104.0542347,30.723467100000004
1760,104.1117149,30.7238448
1761,104.10935440000002,30.724523600000005
1762,104.1124724,30.7258041
1763,104.1111191,30.7222773
1764,104.112545,30.7260196
1765,104.1121547,30.7261178
1766,104.1125993,30.7261921
1767,104.1125155,30.725932
1768,104.1122167,30.7262816
1769,104.1074535,30.7273004
1770,104.1125489,30.7283165
1771,104.0920801,30.6919403
1772,104.0771074,30.6886691
1773,104.0801489,30.6968655
1774,104.0914043,30.6920511
1775,104.0785699,30.6968778
1776,104.1017075,30.7189594
1777,104.1006378,30.7191379
1778,104.1032784,30.7214745
1779,104.109121,30.7202161
1780,104.1025798,30.721511
1781,104.1042275,30.7241769
1782,104.1006274,30.7216434
1783,104.1025347,30.7208941
1784,104.1055101,30.7277028
1785,104.1053869,30.7256654
1786,104.105542,30.7277878
1787,104.0493667,30.7228628
1788,104.0467179,30.7261755
1789,104.0468631,30.7252916
1790,104.0599952,30.7124416
1791,104.0456306,30.7278591
1792,104.0460942,30.7279419
1793,104.121243,30.7054678
1794,104.1223608,30.7058329
1795,104.1201387,30.7051208
1796,104.12150909999998,30.703454200000003
1797,104.1089477,30.7056471
1798,104.1228181,30.7079653
1799,104.1215774,30.7075958
1800,104.1236102,30.7081832
1801,104.1234504,30.708459
1802,104.1231366,30.7039313
1803,104.1171946,30.7019151
1804,104.0476903,30.686388
1805,104.0536964,30.6627065
1806,104.0593674,30.6808834
1807,104.057488,30.677904
1808,104.0553365,30.6752053
1809,104.0500725,30.6555977
1810,104.058975,30.662375300000004
1811,104.0423784,30.6840939
1812,104.0426517,30.6837334
1813,104.0655576,30.6750341
1814,104.0688072,30.6733293
1815,104.0685834,30.6609819
1816,104.0557714,30.6608106
1817,104.0536647,30.6709682
1818,104.0589085,30.6606188
1819,104.0536346,30.6660898
1820,104.0526035,30.6594692
1821,104.0406924,30.6816565
1822,104.0403556,30.6811082
1823,104.0604164,30.6839536
1824,104.0610785,30.6837544
1825,104.0412682,30.6669185
1826,104.042354,30.6663782
1827,104.057753,30.674128000000003
1828,104.0578915,30.675730600000005
1829,104.0489514,30.6785328
1830,104.0581489,30.679229100000004
1831,104.0577873,30.6757283
1832,104.0579351,30.6713394
1833,104.0580358,30.678427600000003
1834,104.0539409,30.672356800000003
1835,104.0509632,30.6737142
1836,104.0535461,30.669707
1837,104.0581519,30.6649032
1838,104.0488791,30.6785845
1839,104.0428554,30.6651892
1840,104.0433673,30.6659789
1841,104.0447108,30.6652114
1842,104.0698814,30.6728658
1843,104.0682412,30.6676691
1844,104.0448122,30.6651626
1845,104.0420598,30.6847265
1846,104.0422245,30.68427460000001
1847,104.0686087,30.658130100000005
1848,104.0565461,30.6882615
1849,104.041418,30.682980600000004
1850,104.0629843,30.6714527
1851,104.0419496,30.6838067
1852,104.0498383,30.6867412
1853,104.0499263,30.6867608
1854,104.0476415,30.6864675
1855,104.0498714,30.6869757
1856,104.0489385,30.6904299
1857,104.0497764,30.686956800000004
1858,104.0407206,30.7058466
1859,104.0519153,30.6872113
1860,104.0522365,30.6873269
1861,104.0488301,30.6904084
1862,104.0491768,30.6891391
1863,104.0474131,30.6966572
1864,104.0533012,30.6812997
1865,104.0472174,30.6969901
1866,104.0498175,30.6552314
1867,104.0577388,30.6785631
1868,104.0479321,30.690297
1869,104.0579486,30.667082
1870,104.0580788,30.6671013
1871,104.0581185,30.6671961
1872,104.0630375,30.6715662
1873,104.0631507,30.6715113
1874,104.0548544,30.6972322
1875,104.0406647,30.7059147
1876,104.0523016,30.6972505
1877,104.042303,30.6958597
1878,104.0409414,30.695016
1879,104.1202783,30.6588751
1880,104.1205935,30.6577875
1881,104.0706527,30.6883841
1882,104.0466436,30.668162899999995
1883,104.06081,30.6588619
1884,104.1122505,30.6561663
1885,104.0608325,30.7114528
1886,104.0634619,30.7070273
1887,104.1179668,30.6644265
1888,104.1171974,30.66653
1889,104.1241999,30.7102182
1890,104.1227942,30.71028
1891,104.1243318,30.7101903
1892,104.1235585,30.7085072
1893,104.1167573,30.7105147
1894,104.1170126,30.7119567
1895,104.1195507,30.7104047
1896,104.1159092,30.7088942
1897,104.1142429,30.7106303
1898,104.1114628,30.7107566
1899,104.1137277,30.707761699999995
1900,104.1144384,30.711958000000003
1901,104.110407,30.7077851
1902,104.0580247,30.6790114
1903,104.0583524,30.679102
1904,104.07047740000002,30.660817100000003
1905,104.0756404,30.6777704
1906,104.0693924,30.6803717
1907,104.0842601,30.656569300000005
1908,104.0836482,30.6556164
1909,104.0852501,30.6561083
1910,104.079918,30.660530600000005
1911,104.0804892,30.6616259
1912,104.123474,30.713067100000004
1913,104.1240668,30.7154269
1914,104.1203011,30.7135636
1915,104.1245148,30.706511300000003
1916,104.1246391,30.7065641
1917,104.1254722,30.704603100000003
1918,104.1261519,30.666621600000003
1919,104.1264387,30.666193100000005
1920,104.1252253,30.6681038
1921,104.1230369,30.665004100000004
1922,104.0775459,30.6800469
1923,104.1092883,30.6941511
1924,104.1216427,30.684831899999995
1925,104.1241553,30.6831902
1926,104.1239587,30.6833059
1927,104.1252102,30.683982
1928,104.1217031,30.6849697
1929,104.1262176,30.6815365
1930,104.1248555,30.6826873
1931,104.1238968,30.6832599
1932,104.1261687,30.6813677
1933,104.1237017,30.683199
1934,104.0588548,30.6838563
1935,104.0589596,30.6837257
1936,104.1116533,30.7122938
1937,104.1148874,30.7142993
1938,104.1148685,30.7141838
1939,104.1152807,30.7161417
1940,104.1105197,30.7077843
1941,104.1135044,30.706369800000004
1942,104.1103791,30.7063569
1943,104.117338,30.7138524
1944,104.1198903,30.711847
1945,104.1173641,30.7139708
1946,104.1119327,30.714562800000003
1947,104.1202782,30.713468
1948,104.1252431,30.7128405
1949,104.1193642,30.7069505
1950,104.1189004,30.7082777
1951,104.1005652,30.7216498
1952,104.1007916,30.7221947
1953,104.1017361,30.7250389
1954,104.1017612,30.725113500000003
1955,104.1037604,30.724477500000003
1956,104.103914,30.7244297
1957,104.1014253,30.7241461
1958,104.101945,30.7222897
1959,104.1010169,30.7228952
1960,104.0607783,30.660613399999995
1961,104.07192940000002,30.6609039
1962,104.0728155,30.660916
1963,104.0725929,30.6603917
1964,104.0746905,30.660892800000003
1965,104.0738408,30.6596982
1966,104.0748056,30.6610575
1967,104.0746748,30.661082500000003
1968,104.0798767,30.6587562
1969,104.099819,30.6642834
1970,104.0997569,30.663077
1971,104.0999263,30.6642816
1972,104.0948092,30.7059849
1973,104.0719999,30.7220589
1974,104.0724142,30.724103000000003
1975,104.1265269,30.6738482
1976,104.0960973,30.7053635
1977,104.1197401,30.6675182
1978,104.11760490000002,30.6667015
1979,104.1125648,30.6596955
1980,104.1112784,30.6648012
1981,104.1082625,30.6621835
1982,104.109384,30.6642615
1983,104.0870948,30.6944398
1984,104.0893836,30.6980615
1985,104.089694,30.6985261
1986,104.0739779,30.7252355
1987,104.110179,30.6668001
1988,104.1125632,30.6668918
1989,104.0912285,30.6979311
1990,104.1014703,30.6642218
1991,104.1025255,30.6641818
1992,104.1017431,30.6626497
1993,104.1215098,30.666266
1994,104.1241888,30.669697
1995,104.1241529,30.6697512
1996,104.0718199,30.7220419
1997,104.0782006,30.7044814
1998,104.11852009999998,30.6556284
1999,104.1182909,30.6563225
2000,104.1214989,30.6558867
2001,104.1202198,30.6557838
2002,104.052293,30.697682500000003
2003,104.052524,30.6979506
2004,104.0519086,30.6972483
2005,104.0538153,30.700761600000003
2006,104.0535263,30.7039362
2007,104.0542337,30.7039362
2008,104.048641,30.7002164
2009,104.09402740000002,30.6777463
2010,104.1164309,30.701803700000003
2011,104.1182578,30.7020703
2012,104.1166239,30.700728700000003
2013,104.1145417,30.7018284
2014,104.1144883,30.7028932
2015,104.1044766,30.7008549
2016,104.1039777,30.703311
2017,104.1001331,30.7005884
2018,104.0985706,30.7058277
2019,104.0969717,30.705179
2020,104.0914035,30.7108936
2021,104.0954851,30.7140447
2022,104.0951347,30.7133307
2023,104.0974221,30.7131599
2024,104.0947311,30.7125802
2025,104.0919743,30.7122302
2026,104.1240789,30.669873600000003
2027,104.1241125,30.669814
2028,104.098008,30.7196742
2029,104.09777,30.7195779
2030,104.0982553,30.7211388
2031,104.1263745,30.7176321
2032,104.1265169,30.717275300000004
2033,104.1260485,30.7155691
2034,104.1258618,30.7150838
2035,104.078226,30.6922819
2036,104.06372059999998,30.6884092
2037,104.0708126,30.6971093
2038,104.0697044,30.6978274
2039,104.0682236,30.6694712
2040,104.0581199,30.6659793
2041,104.1016781,30.676439
2042,104.0958726,30.6747043
2043,104.0957528,30.6746888
2044,104.0957405,30.6750386
2045,104.1060627,30.67781
2046,104.1164108,30.6808608
2047,104.1163786,30.6809429
2048,104.1186964,30.681557
2049,104.1193554,30.6798733
2050,104.1204815,30.6819755
2051,104.1227036,30.6826595
2052,104.1214296,30.6805213
2053,104.1238832,30.683041
2054,104.1255479,30.6817859
2055,104.1234797,30.6837084
2056,104.090174,30.6730266
2057,104.0973915,30.6704855
2058,104.0982912,30.6683028
2059,104.0987247,30.6672144
2060,104.0972135,30.6644744
2061,104.0920007,30.7006852
2062,104.0910592,30.7002897
2063,104.0830877,30.7020095
2064,104.0790923,30.7009144
2065,104.0849012,30.7072293
2066,104.0883448,30.7035178
2067,104.0924214,30.7140289
2068,104.0929979,30.7149367
2069,104.0941513,30.7144017
2070,104.0936953,30.715135
2071,104.0935379,30.7148028
2072,104.0934593,30.7157761
2073,104.0941781,30.7127829
2074,104.0951827,30.7123648
2075,104.0955958,30.713105100000003
2076,104.0947521,30.7141711
2077,104.0905195,30.7019587
2078,104.108427,30.7204383
2079,104.1211777,30.7187118
2080,104.1226977,30.7186951
2081,104.1126141,30.72016
2082,104.1226577,30.718467800000003
2083,104.12314,30.7182134
2084,104.0887976,30.7138385
2085,104.0878123,30.7128102
2086,104.0877913,30.7163092
2087,104.0895689,30.7141266
2088,104.0876087,30.7133453
2089,104.0861337,30.7133922
2090,104.0847214,30.7142873
2091,104.083372,30.7131369
2092,104.0854148,30.7159356
2093,104.0850087,30.7148413
2094,104.0803395,30.713173200000004
2095,104.0837143,30.7149625
2096,104.0833925,30.715064
2097,104.0838172,30.7171157
2098,104.080395,30.7200435
2099,104.0804116,30.7201177
2100,104.0817031,30.719425800000003
2101,104.0807395,30.706897
2102,104.0742151,30.7186607
2103,104.0761601,30.7184053
2104,104.0743603,30.7196147
2105,104.0823752,30.7167001
2106,104.081738,30.7176645
2107,104.0802777,30.7178761
2108,104.0755591,30.7162432
2109,104.0690869,30.7211097
2110,104.069322,30.7211365
2111,104.06874609999998,30.7233517
2112,104.0694704,30.7232479
2113,104.0717979,30.7228972
2114,104.0697594,30.7212707
2115,104.0714386,30.720455600000005
2116,104.0694979,30.7209312
2117,104.0714475,30.7178414
2118,104.0665083,30.727098
2119,104.0717048,30.7263757
2120,104.0718868,30.7261769
2121,104.0824091,30.7238654
2122,104.0819883,30.7240516
2123,104.0780496,30.7133684
2124,104.0782841,30.7151874
2125,104.0780514,30.7152205
2126,104.0787962,30.7180591
2127,104.0793979,30.7202649
2128,104.0776108,30.7247843
2129,104.0774176,30.724835100000004
2130,104.0827028,30.7249931
2131,104.0851643,30.722355600000004
2132,104.0809851,30.7226079
2133,104.0836271,30.725547100000004
2134,104.083335,30.7256514
2135,104.0788321,30.7189481
2136,104.0791327,30.7180062
2137,104.0780481,30.7132295
2138,104.0775418,30.713496000000003
2139,104.091779,30.721602
2140,104.0807147,30.7230941
2141,104.0845762,30.7222893
2142,104.0723059,30.727568
2143,104.1206673,30.7252225
2144,104.1150084,30.725705100000003
2145,104.1184937,30.7249538
2146,104.1152649,30.7252479
2147,104.1108862,30.726629
2148,104.1080719,30.7273344
2149,104.1233888,30.7249825
2150,104.1240452,30.7246971
2151,104.1142182,30.7256433
2152,104.1144222,30.7217699
2153,104.1114825,30.7221372
2154,104.104891,30.7240728
2155,104.1070406,30.725189500000003
2156,104.1048568,30.7239821
2157,104.1042542,30.7242517
2158,104.1064742,30.723629700000004
2159,104.1077915,30.727141
2160,104.1099805,30.7261353
2161,104.1087622,30.7229572
2162,104.1087242,30.722867
2163,104.1080395,30.7211113
2164,104.1088314,30.7229256
2165,104.1056364,30.727673600000003
2166,104.1259953,30.715050800000004
2167,104.1137462,30.7171197
2168,104.0763761,30.686951
2169,104.0783238,30.7050198
2170,104.0681273,30.6970589
2171,104.0727127,30.725067100000004
2172,104.0717498,30.7251057
2173,104.0869487,30.6945119
2174,104.0755731,30.6968494
2175,104.1036181,30.68158
2176,104.1057135,30.6778252
2177,104.1049146,30.6799354
2178,104.1058074,30.6783187
2179,104.0639916,30.697140500000003
2180,104.0604818,30.6970833
2181,104.0398885,30.6947425
2182,104.0563149,30.697204100000004
2183,104.0864424,30.6947941
2184,104.0786527,30.6968172
2185,104.0400567,30.6946183
2186,104.0620588,30.6969834
2187,104.0761135,30.7180317
2188,104.0785964,30.7180853
2189,104.0759515,30.7173104
2190,104.075766,30.7167274
2191,104.0767565,30.7171044
2192,104.0757494,30.7166772
2193,104.0769421,30.7179033
2194,104.0775644,30.7177961
2195,104.0766006,30.7164591
2196,104.0767185,30.716941
2197,104.0576381,30.6884186
2198,104.0534294,30.692265000000003
2199,104.0499672,30.6914089
2200,104.0480135,30.6956845
2201,104.0492427,30.6957783
2202,104.0498753,30.6967907
2203,104.066007,30.7199718
2204,104.1189727,30.6605789
2205,104.08208940000002,30.7193093
2206,104.0820615,30.7192473
2207,104.0802858,30.7219073
2208,104.0948096,30.6568274
2209,104.0958967,30.6562488
2210,104.0850985,30.6558598
2211,104.0862724,30.6556223
2212,104.0790402,30.6591502
2213,104.0907755,30.6586279
2214,104.0955736,30.6557318
2215,104.0952908,30.6565322
2216,104.0847845,30.6658979
2217,104.0836577,30.6665752
2218,104.1036146,30.6619521
2219,104.0974634,30.663435
2220,104.0974292,30.662724
2221,104.0981704,30.661826300000005
2222,104.0984131,30.6622163
2223,104.0972714,30.6656653
2224,104.0991199,30.6662221
2225,104.0984517,30.6657317
2226,104.0976671,30.667093800000004
2227,104.0972282,30.6667877
2228,104.0902431,30.6789222
2229,104.0833793,30.6665533
2230,104.0819158,30.667388
2231,104.075145,30.670552
2232,104.0690019,30.66853
2233,104.0688429,30.6682598
2234,104.0730494,30.666227000000003
2235,104.0737746,30.6652277
2236,104.073911,30.6664192
2237,104.0717169,30.672152500000003
2238,104.0959503,30.6581864
2239,104.0935151,30.657438
2240,104.0950616,30.6572255
2241,104.0931037,30.6568412
2242,104.0934796,30.6573865
2243,104.09405490000002,30.6581895
2244,104.0942288,30.6584305
2245,104.0941326,30.6582972
2246,104.0944825,30.6579798
2247,104.0938317,30.6584637
2248,104.0947578,30.663744800000003
2249,104.0947289,30.6632337
2250,104.1016731,30.6616937
2251,104.1029107,30.661718100000005
2252,104.1036001,30.661678
2253,104.1020295,30.663007500000003
2254,104.106415,30.6604434
2255,104.1066391,30.6612237
2256,104.1064212,30.6605723
2257,104.1082545,30.661214
2258,104.1048479,30.660623200000003
2259,104.1043382,30.6612014
2260,104.1048311,30.661917
2261,104.095507,30.6553579
2262,104.0971713,30.6556492
2263,104.0960245,30.6561888
2264,104.0972044,30.6557018
2265,104.0976875,30.6554739
2266,104.0990749,30.6577822
2267,104.1061612,30.6559509
2268,104.1034026,30.656617800000003
2269,104.103027,30.6559971
2270,104.104098,30.6562906
2271,104.1073507,30.6554082
2272,104.1058906,30.6554472
2273,104.1049087,30.6559091
2274,104.103727,30.6556697
2275,104.1038049,30.6556332
2276,104.1044342,30.655338800000003
2277,104.1082668,30.655655600000003
2278,104.10822840000002,30.657542100000004
2279,104.1092187,30.6556514
2280,104.1092306,30.6565128
2281,104.1089564,30.658110200000003
2282,104.1073299,30.658912
2283,104.1071241,30.6556538
2284,104.1073642,30.6579317
2285,104.107886,30.6579365
2286,104.1059256,30.6658187
2287,104.1021763,30.6661941
2288,104.1004776,30.6661965
2289,104.1148763,30.6716227
2290,104.1138134,30.6745973
2291,104.1122245,30.6771272
2292,104.111108,30.6762261
2293,104.1183907,30.6755163
2294,104.122065,30.6807198
2295,104.1221522,30.680746600000003
2296,104.1233257,30.681069399999995
2297,104.1239371,30.6793918
2298,104.1242649,30.6813163
2299,104.1252344,30.6797735
2300,104.1264926,30.6778928
2301,104.084732,30.6552641
2302,104.0821252,30.6553286
2303,104.0788072,30.6590862
2304,104.0742801,30.6555953
2305,104.0753276,30.6570844
2306,104.0736308,30.6594044
2307,104.0724075,30.6601202
2308,104.0741945,30.6591069
2309,104.0732396,30.6588757
2310,104.073583,30.658218800000004
2311,104.0744909,30.6595188
2312,104.0732192,30.6577738
2313,104.0753524,30.6592683
2314,104.0760007,30.658030600000004
2315,104.0721253,30.659707
2316,104.0708974,30.6605578
2317,104.0696927,30.6602814
2318,104.0664746,30.657050899999994
2319,104.0684027,30.6581961
2320,104.0636453,30.6570691
2321,104.0636242,30.6578779
2322,104.0647358,30.6570901
2323,104.0556216,30.6734305
2324,104.0516824,30.6733688
2325,104.044389,30.6757739
2326,104.0467902,30.6689085
2327,104.0456369,30.6694953
2328,104.0418175,30.66552
2329,104.0409087,30.6607578
2330,104.0434469,30.677546000000003
2331,104.0406438,30.6795702
2332,104.0400936,30.6803141
2333,104.0405978,30.679485
2334,104.0402539,30.6805706
2335,104.040458,30.6810404
2336,104.0444636,30.685846100000003
2337,104.0425434,30.684724600000003
2338,104.0406267,30.6866269
2339,104.0418236,30.6847776
2340,104.0419094,30.6846494
2341,104.041037,30.684873100000004
2342,104.0414704,30.685240000000004
2343,104.0410695,30.6858101
2344,104.04062,30.6813298
2345,104.0399603,30.680605
2346,104.046005,30.6887901
2347,104.0479334,30.690219
2348,104.0485343,30.6889914
2349,104.046736,30.6886862
2350,104.0496242,30.693310200000003
2351,104.0485444,30.6932179
2352,104.0399406,30.6922554
2353,104.0463875,30.7041845
2354,104.0439896,30.703490500000004
2355,104.0459491,30.7039314
2356,104.0400951,30.7127283
2357,104.0560222,30.7138852
2358,104.0543052,30.7142302
2359,104.0573814,30.6733303
2360,104.0405691,30.6695822
2361,104.0402576,30.669162300000004
2362,104.0405956,30.6689194
2363,104.0659817,30.6570583
2364,104.0655174,30.6570696
2365,104.0689864,30.6694567
2366,104.0700375,30.669728000000003
2367,104.1017111,30.6763639
2368,104.1032575,30.6732532
2369,104.0630357,30.6694218
2370,104.1016158,30.7032751
2371,104.0972511,30.6712382
2372,104.0987493,30.6708899
2373,104.1124798,30.655913800000004
2374,104.1125131,30.6597811
2375,104.1107801,30.6658161
2376,104.0993603,30.6757441
2377,104.070686,30.7258704
2378,104.0825763,30.674130600000005
2379,104.0585761,30.6671954
2380,104.0580777,30.669269300000003
2381,104.08973509999998,30.721932
2382,104.08915079999998,30.7219859
2383,104.071834,30.7167914
2384,104.0835872,30.6962141
2385,104.0971436,30.6749988
2386,104.1093421,30.688307
2387,104.1082987,30.689082899999995
2388,104.1150391,30.6819807
2389,104.1079688,30.6836738
2390,104.1066545,30.6814917
2391,104.1232734,30.6739945
2392,104.122788,30.6748572
2393,104.0894321,30.7147953
2394,104.0904406,30.7135455
2395,104.0999812,30.7176385
2396,104.1006439,30.7161393
2397,104.0987903,30.718150399999995
2398,104.0984604,30.7186439
2399,104.0987903,30.7183141
2400,104.0995172,30.718249600000004
2401,104.0956789,30.717804600000004
2402,104.0932998,30.717899100000004
2403,104.0942304,30.717773699999995
2404,104.0949601,30.717657
2405,104.0941688,30.7181135
2406,104.0941372,30.7169997
2407,104.0934768,30.7182012
2408,104.0949145,30.7183118
2409,104.0942071,30.7183994
2410,104.0942547,30.718754600000004
2411,104.0925944,30.717989000000003
2412,104.0914787,30.7182327
2413,104.0914008,30.7180351
2414,104.0915216,30.7183412
2415,104.0925381,30.7175809
2416,104.0913375,30.7177398
2417,104.0901723,30.7178945
2418,104.0913123,30.7176224
2419,104.0902179,30.7183349
2420,104.0917575,30.718339500000003
2421,104.0902528,30.7185909
2422,104.0927419,30.7182288
2423,104.063707,30.7215953
2424,104.1131857,30.7004697
2425,104.1122926,30.7006795
2426,104.1116273,30.7009725
2427,104.1051333,30.7008018
2428,104.105579,30.7009679
2429,104.1071359,30.7011197
2430,104.1058364,30.7007972
2431,104.1081431,30.7165847
2432,104.1073492,30.7166977
2433,104.1032052,30.718261100000003
2434,104.1039804,30.7171312
2435,104.1099206,30.7158785
2436,104.1102648,30.715823800000003
2437,104.109554,30.7159368
2438,104.1096864,30.7167591
2439,104.1101146,30.7171059
2440,104.1104327,30.7166832
2441,104.1117869,30.7184665
2442,104.1119251,30.7192964
2443,104.1124845,30.7183627
2444,104.1106201,30.7181391
2445,104.1106035,30.719435600000004
2446,104.1093758,30.7183055
2447,104.1098444,30.7195221
2448,104.1088373,30.718375899999995
2449,104.1092512,30.7195956
2450,104.1084704,30.719706899999995
2451,104.0655953,30.6579721
2452,104.0646876,30.6579221
2453,104.1216351,30.6904615
2454,104.1230596,30.689377500000003
2455,104.1216846,30.6905101
2456,104.1204361,30.689286100000004
2457,104.1185168,30.6874044
2458,104.1198721,30.6887331
2459,104.1131689,30.6913588
2460,104.117612,30.6907626
2461,104.1213407,30.6876502
2462,104.1256627,30.6847668
2463,104.1258661,30.6845952
2464,104.1252328,30.6842553
2465,104.0491624,30.726834000000004
2466,104.0540994,30.720832399999995
2467,104.103502,30.682119
2468,104.1032644,30.7083219
2469,104.096838,30.7212365
2470,104.0973739,30.7213537
2471,104.0862688,30.7225052
2472,104.0634359,30.682967
2473,104.0562133,30.6826858
2474,104.0462225,30.6705626
2475,104.045658,30.6751098
2476,104.1154192,30.6660005
2477,104.0635499,30.6585864
2478,104.0578316,30.6786728
2479,104.057316,30.6789015
2480,104.0578003,30.6785352
2481,104.058073,30.6785613
2482,104.0582962,30.678993100000003
2483,104.0577869,30.6782497
2484,104.0577697,30.6778274
2485,104.0715692,30.720998
2486,104.0719247,30.7208845
2487,104.0721347,30.7243668
2488,104.045334,30.7284473
2489,104.0407289,30.7254962
2490,104.0835154,30.6713412
2491,104.0763545,30.665597700000003
2492,104.0762726,30.6655441
2493,104.0771677,30.6652034
2494,104.1074025,30.6734849
2495,104.1017978,30.6717999
2496,104.1006546,30.672497600000003
2497,104.1021434,30.6729321
2498,104.1021139,30.6730081
2499,104.1020722,30.673123
2500,104.1245834,30.6882007
2501,104.1234015,30.6870298
2502,104.1246436,30.6882603
2503,104.1231082,30.689426300000004
2504,104.1218778,30.68819
2505,104.1245141,30.6635911
2506,104.1141443,30.6763647
2507,104.124681,30.6934477
2508,104.0456478,30.6750292
2509,104.0470106,30.6742751
2510,104.0535986,30.6701787
2511,104.0999164,30.696594399999995
2512,104.0970647,30.695574
2513,104.1001863,30.6978
2514,104.097148,30.6968102
2515,104.097022,30.6968144
2516,104.09716170000002,30.6978659
2517,104.0652768,30.6815456
2518,104.1159452,30.6948084
2519,104.1142553,30.7008712
2520,104.1163392,30.694468800000003
2521,104.1144811,30.7002035
2522,104.1145058,30.700865500000003
2523,104.12318,30.6629218
2524,104.0664941,30.7236427
2525,104.0805349,30.7231498
2526,104.0798596,30.7233589
2527,104.080298,30.7201433
2528,104.0780803,30.7153917
2529,104.0779213,30.709067600000004
2530,104.0817351,30.707242800000003
2531,104.0780599,30.7137037
2532,104.1239262,30.683267200000003
2533,104.0686987,30.726363
2534,104.0708305,30.7260118
2535,104.0728485,30.727987100000004
2536,104.0743642,30.7257724
2537,104.0719371,30.720952
2538,104.1051798,30.7277872
2539,104.1039399,30.7244952
2540,104.0956294,30.6750077
2541,104.0778254,30.7063933
2542,104.1262694,30.6612595
2543,104.1178799,30.7251709
2544,104.1056692,30.7277554
2545,104.0716077,30.6674206
2546,104.0665475,30.717574100000004
2547,104.066751,30.7177088
2548,104.0666666,30.7177451
2549,104.0663809,30.7177113
2550,104.0674031,30.7190186
2551,104.0675377,30.71919
2552,104.0895039,30.6932839
2553,104.0939455,30.6979011
2554,104.0463932,30.6659409
2555,104.0561183,30.7283315
2556,104.0555438,30.728398100000003
2557,104.0532467,30.7285695
2558,104.0553944,30.7277988
2559,104.0557109,30.7251574
2560,104.0574346,30.727578
2561,104.052927,30.7201915
2562,104.0566467,30.7207057
2563,104.0564839,30.720734600000004
2564,104.0614029,30.7200814
2565,104.1257413,30.7044207
2566,104.1255831,30.7046472
2567,104.1153798,30.6963276
2568,104.1154607,30.6960265
2569,104.1156291,30.696324800000003
2570,104.1117672,30.6951287
2571,104.1160319,30.6948342
2572,104.1156997,30.696076
2573,104.1147516,30.6929063
2574,104.1130587,30.6914385
2575,104.1102398,30.6934759
2576,104.1130647,30.6912429
2577,104.1164236,30.6943993
2578,104.1164881,30.6944605
2579,104.1163984,30.694526
2580,104.116651,30.6947191
2581,104.1189213,30.691161
2582,104.1261156,30.6897289
2583,104.1255821,30.697063300000003
2584,104.1257608,30.6966343
2585,104.1255113,30.6951454
2586,104.125295,30.6951398
2587,104.0958851,30.6939045
2588,104.0970308,30.6978673
2589,104.0940512,30.6947762
2590,104.0924793,30.691831
2591,104.0969287,30.6956174
2592,104.0935217,30.6934053
2593,104.1237388,30.7082198
2594,104.1036549,30.6991065
2595,104.1008866,30.6959855
2596,104.101784,30.6949407
2597,104.1014076,30.6947494
2598,104.1261629,30.7155757
2599,104.1264151,30.7160401
2600,104.125657,30.7043239
2601,104.1238444,30.707950800000003
2602,104.1252686,30.71293
2603,104.0578405,30.7154414
2604,104.0575663,30.7154348
2605,104.0573242,30.717088399999994
2606,104.0603917,30.7154144
2607,104.0570979,30.7182554
2608,104.0600064,30.7178669
2609,104.0604035,30.7152415
2610,104.0430893,30.7236594
2611,104.0439695,30.7222803
2612,104.0543925,30.7209162
2613,104.0557504,30.7170674
2614,104.055847,30.716969800000005
2615,104.0578201,30.7147157
2616,104.0557253,30.7247578
2617,104.0572193,30.7168477
2618,104.06019,30.7122192
2619,104.0635497,30.7077165
2620,104.0634736,30.6997232
2621,104.0622033,30.6969827
2622,104.0403819,30.677740000000004
2623,104.0479031,30.6761228
2624,104.0498145,30.676688
2625,104.0543363,30.7278728
2626,104.0525628,30.7284212
2627,104.0586963,30.7275956
2628,104.0660103,30.7200891
2629,104.0865906,30.7180075
2630,104.0840161,30.718393100000004
2631,104.059769,30.7165717
2632,104.0646569,30.7147255
2633,104.0563401,30.7162219
2634,104.0560395,30.717034100000003
2635,104.0570747,30.716838
2636,104.0985593,30.712193900000003
2637,104.0974588,30.713209000000003
2638,104.0861719,30.698603
2639,104.0863589,30.6990295
2640,104.0874037,30.699019
2641,104.0855418,30.6990505
2642,104.0440813,30.7221994
2643,104.0402729,30.722648
2644,104.0838966,30.7183312
2645,104.0765972,30.6659916
2646,104.0761698,30.6653978
2647,104.0494723,30.6553058
2648,104.067542,30.727038300000004
2649,104.0680166,30.7261908
2650,104.063867,30.7274044
2651,104.0614705,30.7277063
2652,104.1077573,30.6735893
2653,104.0741703,30.6636612
2654,104.0816537,30.6729033
2655,104.0906954,30.6682201
2656,104.0845664,30.7205814
2657,104.122824,30.7084374
2658,104.1226882,30.709444800000004
2659,104.1227157,30.708222
2660,104.0421871,30.660325
2661,104.0550496,30.7141406
2662,104.1187608,30.7189312
2663,104.1180535,30.679469800000003
2664,104.0665201,30.7236903
2665,104.0684412,30.7233954
2666,104.0883991,30.7222506
2667,104.0591498,30.6981506
2668,104.0590813,30.6987446
2669,104.063398,30.6981154
2670,104.0551069,30.7075889
2671,104.1151387,30.723498100000004
2672,104.0591676,30.662088300000004
2673,104.1043813,30.7221493
2674,104.1079642,30.7214048
2675,104.1080896,30.721361600000005
2676,104.1087988,30.722844899999995
2677,104.084482,30.7206019
2678,104.0839204,30.7184235
2679,104.0852675,30.7222029
2680,104.0839929,30.718301
2681,104.0638747,30.6964335
2682,104.1016527,30.7250675
2683,104.0401085,30.7242166
2684,104.078921,30.6968093
2685,104.0591291,30.713646500000003
2686,104.0599512,30.712871000000003
2687,104.059851,30.7124225
2688,104.0588542,30.7086654
2689,104.0620519,30.709672
