agent_id,seq,sub_seq,time,loc_type,link_id,from_node,to_node,lng,lat,prj_lng,prj_lat,dis_to_next,match_heading,route_dis
1,0,0,2018-10-09 09:24:02.000000000,s,3973,2250,802,104.10242,30.662000000000003,104.1016731,30.6616937,427.36527293140296,273.98,0.0
1,1,0,2018-10-09 09:24:28.000000000,s,3975,802,1971,104.10174,30.663949999999996,104.09991483380341,30.66402574539921,304.83127867409996,3.31,168.17105386586104
1,1,1,2018-10-09 09:24:35.500000000,c,3375,1971,198,104.101425,30.664735,104.09992385000146,30.664327750000204,,,5.120166375574254
1,1,2,2018-10-09 09:24:43.000000000,c,160,198,200,104.10111,30.66552,104.0998039004717,30.664749000072817,,,43.06939232000981
1,1,3,2018-10-09 09:24:50.500000000,c,4112,200,675,104.100795,30.666305000000005,104.09947180131086,30.66569890022751,,,66.94042764386788
1,2,0,2018-10-09 09:24:58.000000000,s,666,675,677,104.10048,30.66709000000001,104.09909630602162,30.66666669173038,82.7682730918631,340.97,46.20233253996098
1,3,0,2018-10-09 09:25:28.000000000,s,666,675,677,104.10019,30.667789999999997,104.09880951945256,30.667371149444737,23.770598249550233,340.97,128.97060563182407
1,4,0,2018-10-09 09:25:58.000000000,s,666,675,677,104.1001,30.667989999999993,104.09872734566837,30.66757352378191,0.0,340.97,152.7412038813743
1,5,0,2018-10-09 09:26:28.000000000,s,666,675,677,104.1001,30.667989999999993,104.09872734566837,30.66757352378191,89.9470410509416,340.97,152.7412038813743
1,6,0,2018-10-09 09:26:58.000000000,s,1178,677,514,104.09956,30.66799,104.0984164,30.668339299999996,631.5293962477401,341.13,0.0
1,6,1,2018-10-09 09:27:04.000000000,c,461,514,515,104.099148,30.667858,,,,,
1,6,2,2018-10-09 09:27:10.000000000,c,5069,515,2057,104.098736,30.667726,,,,,
1,6,3,2018-10-09 09:27:16.000000000,c,5070,2057,513,104.09832399999999,30.667593999999998,,,,,
1,6,4,2018-10-09 09:27:22.000000000,c,3370,513,2058,104.097912,30.667461999999997,104.09785357679112,30.66936335766275,,,124.7946619244134
1,7,0,2018-10-09 09:27:28.000000000,s,3372,2058,1053,104.0975,30.667329999999996,104.0972702,30.6679886,0.0,250.87,103.8293962477401
1,8,0,2018-10-09 09:27:58.000000000,s,3372,2058,1053,104.0975,30.667329999999996,104.0972702,30.6679886,75.75165682410771,250.87,103.8293962477401
1,9,0,2018-10-09 09:28:28.000000000,s,3855,1053,2226,104.09719,30.66722999999999,104.09755327883603,30.66735040852649,30.458734993374918,159.48,75.75165682410771
1,10,0,2018-10-09 09:28:58.000000000,s,3857,2226,1053,104.09742,30.665560000000003,104.0976671,30.667093800000004,284.87118282315237,339.48,0.0
1,11,0,2018-10-09 09:29:28.000000000,s,3854,1053,368,104.09546,30.666149999999988,104.09551940000001,30.667433500000005,148.06698299698508,250.32,178.66079100566972
1,11,1,2018-10-09 09:29:43.000000000,c,1176,368,369,104.09467000000001,30.666384999999995,104.09540430035482,30.66772415006427,,,34.04778116051048
1,12,0,2018-10-09 09:29:58.000000000,s,302,369,370,104.09388,30.66662,104.0944986,30.667784499999993,1000.0,251.84,79.92777400265479
1,12,1,2018-10-09 09:30:01.333333248,c,2818,370,369,104.09375222222222,30.666694444444445,104.09489389951695,30.667899650593025,,,39.96388700132739
1,12,2,2018-10-09 09:30:04.666666752,c,304,369,368,104.09362444444444,30.666768888888893,104.09540430035482,30.66772415006427,,,34.04778116051048
1,12,3,2018-10-09 09:30:08.000000000,c,1177,368,366,104.09349666666667,30.666843333333336,104.095264430047,30.66605577972621,,,158.99528854379471
1,12,4,2018-10-09 09:30:11.333333248,c,300,366,367,104.09336888888889,30.66691777777778,104.09382179965338,30.664938500200076,,,27.324581268411333
1,12,5,2018-10-09 09:30:14.666666752,c,5754,367,392,104.09324111111111,30.666992222222227,104.09344764987917,30.664712750076962,,,16.400772925730056
1,12,6,2018-10-09 09:30:18.000000000,c,5756,392,789,104.09311333333333,30.66706666666667,104.09240339873097,30.663813301377704,,,126.53086899246186
1,12,7,2018-10-09 09:30:21.333333248,c,5749,789,663,104.09298555555556,30.667141111111114,104.09068491938727,30.663338223716465,,,120.18148166012546
1,12,8,2018-10-09 09:30:24.666666752,c,813,663,790,104.09285777777778,30.66721555555556,104.09077776137184,30.666289587462128,,,293.0281532217595
1,13,0,2018-10-09 09:30:28.000000000,s,5225,790,663,104.09273,30.667290000000005,104.09149856617904,30.667650958881463,57.75660260708423,192.69,127.08411773679592
1,14,0,2018-10-09 09:30:58.000000000,s,5225,790,663,104.09182,30.666949999999996,104.09124905127297,30.667176667028993,365.3871301687006,199.19,184.84072034388015
1,15,0,2018-10-09 09:31:28.000000000,s,5225,790,663,104.08996,30.66407,104.08972714031692,30.66415422354195,13.095537791807601,203.17,550.2278505125807
1,16,0,2018-10-09 09:31:58.000000000,s,5225,790,663,104.08991,30.66396,104.08967438287523,30.664045220881523,285.3373494082266,203.17,563.3233883043883
1,17,0,2018-10-09 09:32:28.000000000,s,5225,790,663,104.09143,30.66618000000001,104.09084329187523,30.666412923323946,923.563123640661,199.19,277.98603889616174
1,17,1,2018-10-09 09:32:32.285714176,c,812,663,662,104.09174285714286,30.666245714285726,104.08955264997653,30.663777950003478,,,9.119823843397521
1,17,2,2018-10-09 09:32:36.571428608,c,653,662,362,104.09205571428572,30.666311428571436,104.09064650277567,30.66319066490065,,,121.59540724915699
1,17,3,2018-10-09 09:32:40.857142784,c,5750,362,788,104.09236857142858,30.66637714285715,104.09181844996694,30.66270690001503,,,8.263219526036906
1,17,4,2018-10-09 09:32:45.142857216,c,811,788,363,104.09268142857142,30.666442857142865,104.09249240243906,30.66374733301521,,,124.33187039322875
1,17,5,2018-10-09 09:32:49.428571392,c,298,363,364,104.09299428571428,30.66650857142858,104.09340119998686,30.664591100006376,,,5.225802092236671
1,17,6,2018-10-09 09:32:53.714285824,c,323,364,367,104.09330714285714,30.66657428571429,104.09351664993478,30.664707900020407,,,11.887605208493655
1,18,0,2018-10-09 09:32:58.000000000,s,5753,367,366,104.09362,30.666640000000005,104.0940528,30.665083100000004,0.0,54.55,54.649162536822665
1,19,0,2018-10-09 09:33:28.000000000,s,300,366,367,104.09364,30.66662,104.0940528,30.665083100000004,101.06687955467096,234.55,0.0
1,19,1,2018-10-09 09:33:43.000000000,c,5754,367,392,104.09356,30.66543,104.09344764987917,30.664712750076962,,,16.400772925730056
1,20,0,2018-10-09 09:33:58.000000000,s,5756,392,789,104.09348,30.66424,104.0931931023423,30.66455602690092,256.3957578046841,232.34,13.566879554670958
1,21,0,2018-10-09 09:34:28.000000000,s,5748,789,362,104.09244,30.662169999999993,104.091755,30.662656399999992,0.0,188.22,16.900899374431322
1,22,0,2018-10-09 09:34:58.000000000,s,5748,789,362,104.09242,30.66213,104.091755,30.662656399999992,88.07687723909518,188.22,16.900899374431322
1,23,0,2018-10-09 09:35:28.000000000,s,5751,362,800,104.0922,30.6617,104.09256287311229,30.662277177131333,88.92665973227409,118.64,88.07687723909518
1,24,0,2018-10-09 09:35:58.000000000,s,5751,362,800,104.09281,30.660990000000005,104.09337836406755,30.66189401725025,304.7269979992569,118.64,177.00353697136927
1,25,0,2018-10-09 09:36:31.000000000,s,5751,362,800,104.0956,30.659670000000002,104.09617277730426,30.660580994653152,141.19175341140158,118.64,481.7305349706262
1,26,0,2018-10-09 09:37:01.000000000,s,5751,362,800,104.0969,30.65907,104.097467511336,30.659972599747817,210.41769189620868,118.64,622.9222883820278
1,26,1,2018-10-09 09:37:16.000000000,c,823,800,798,104.097875,30.658610000000003,104.09805220007954,30.659697250064234,,,13.974901805187585
1,27,0,2018-10-09 09:37:31.000000000,s,822,798,799,104.09885,30.658150000000003,104.09940771526048,30.659083552692532,9.696028123257832,117.77,132.6399802782364
1,28,0,2018-10-09 09:38:01.000000000,s,822,798,799,104.09894,30.658110000000008,104.0994976289641,30.659043406778046,8.844727388896672,117.77,142.33600840149424
1,29,0,2018-10-09 09:38:31.000000000,s,822,798,799,104.09902,30.658070000000002,104.09957964827845,30.65900678557547,207.63226917480117,117.77,151.1807357903909
1,29,1,2018-10-09 09:38:46.000000000,c,835,799,808,104.099955,30.657625000000003,104.10030840084956,30.658666700688563,,,45.71722069651934
1,30,0,2018-10-09 09:39:01.000000000,s,4026,808,169,104.10089,30.65718,104.1014797935651,30.658107127005415,229.36466547574008,119.27,82.51300496519207
1,31,0,2018-10-09 09:39:31.000000000,s,139,169,170,104.10301,30.656180000000006,104.10358703712353,30.657125370136544,228.4625430337057,118.28,113.37793316356667
1,32,0,2018-10-09 09:40:01.000000000,s,4031,170,2267,104.10512,30.65522,104.10569580254254,30.656163245619158,,118.28,218.0445602016856
2,0,0,2018-10-03 11:52:16.000000000,s,5699,2642,1729,104.04374,30.722849999999994,104.04432217681968,30.722490739036314,259.570941308658,36.03,39.68100841789116
2,1,0,2018-10-03 11:52:46.000000000,s,5699,2642,1729,104.04591000000002,30.72447,104.04617163303503,30.72419146003801,307.27705270243905,48.85,299.2519497265492
2,1,1,2018-10-03 11:53:01.000000000,c,3772,1729,1564,104.04748000000001,30.724895000000004,104.04719424988988,30.72478180009118,,,16.653544693958573
2,2,0,2018-10-03 11:53:16.000000000,s,2114,1564,242,104.04905,30.725320000000004,104.04903959106211,30.725368114930312,,72.72,172.32900242898822
3,0,0,2018-10-09 07:32:31.000000000,s,2385,292,1678,104.05581,30.67127000000001,104.05560260928654,30.67093065039481,5.600185842661148,118.33,189.9770108590656
3,1,0,2018-10-09 07:33:01.000000000,s,2385,292,1678,104.05575,30.671279999999992,104.05555092229292,30.67095425247577,78.355957696946,118.33,184.37682501640444
3,2,0,2018-10-09 07:33:31.000000000,s,2385,292,1678,104.05651,30.67100999999999,104.05627410745413,30.67062401800047,247.0837394482298,118.33,262.73278271335045
3,2,1,2018-10-09 07:33:46.000000000,c,4238,1678,68,104.05633,30.66982499999999,104.05781265002406,30.669687100008417,,,36.430837461850345
3,3,0,2018-10-09 07:34:01.000000000,s,54,68,69,104.05615,30.668639999999993,104.0578201,30.6692618,353.4515511819796,177.97,10.716522161580238
3,3,1,2018-10-09 07:34:11.000000000,c,5137,69,2380,104.05691666666667,30.66826333333333,104.05794889999326,30.669265550063752,,,12.3464983492481
3,3,2,2018-10-09 07:34:21.000000000,c,5150,2380,328,104.05768333333333,30.66788666666666,104.05893150417398,30.669298999839008,,,81.87288313877319
3,4,0,2018-10-09 07:34:31.000000000,s,5152,328,330,104.05845,30.667509999999996,104.0598967,30.6678511,17.631926656440157,177.45,164.96807334355984
3,4,1,2018-10-09 07:34:46.000000000,c,4958,330,324,104.059115,30.667284999999993,104.05990105000447,30.667771500000622,,,8.831947377729122
3,5,0,2018-10-09 07:35:01.000000000,s,267,324,331,104.05978000000002,30.667059999999992,104.05990540000002,30.667691899999998,0.0,89.69,0.0
3,6,0,2018-10-09 07:35:26.000000000,s,267,324,331,104.05981,30.667050000000003,104.05990540000002,30.667691899999998,396.83531626160857,89.69,0.0
3,7,0,2018-10-09 07:35:55.000000000,s,4499,331,290,104.06175,30.66688999999999,104.06312264481453,30.66691433012291,191.6801686443188,179.3,90.43112435694783
3,8,0,2018-10-09 07:36:28.000000000,s,4499,331,290,104.06241,30.66518,104.06315248564617,30.665185065720788,101.03520748293937,179.3,282.11129300126663
3,9,0,2018-10-09 07:36:55.000000000,s,2720,290,1214,104.06245,30.66448,104.06291930913301,30.66431373993378,0.0,202.76,59.77555360997025
3,10,0,2018-10-09 07:37:22.000000000,s,2720,290,1214,104.06245,30.66448,104.06291930913301,30.66431373993378,3.0765867948163645,202.76,59.77555360997025
3,11,0,2018-10-09 07:37:52.000000000,s,2720,290,1214,104.06245,30.664450000000002,104.06290713210655,30.66428805380972,92.9478595952134,202.76,62.85214040478662
3,11,1,2018-10-09 07:38:05.500000000,c,1468,1214,1215,104.06245,30.664434999999997,104.06299384998944,30.66396400029064,,,26.333212371399362
3,12,0,2018-10-09 07:38:19.000000000,s,4821,1215,1212,104.06245,30.664419999999993,104.0632687,30.663964899999993,181.65262944657033,87.99,0.0
3,12,1,2018-10-09 07:38:34.000000000,c,2404,1212,288,104.062655,30.664754999999996,104.06355649513326,30.664433708494336,,,48.68101190108503
3,13,0,2018-10-09 07:38:49.000000000,s,231,288,289,104.06286,30.66509,104.06330476689706,30.665101950010584,800.703306678707,358.7,31.252629446570324
3,13,1,2018-10-09 07:39:04.000000000,c,2403,289,427,104.064015,30.66523,104.0647302944937,30.66775451068555,,,144.61199491500818
3,14,0,2018-10-09 07:39:19.000000000,s,2398,427,426,104.06517,30.66537,104.06629650000002,30.66580529999999,274.96110489055326,179.05,219.9559361252774
3,14,1,2018-10-09 07:39:34.000000000,c,359,426,423,104.06541,30.664334999999998,104.06630303013476,30.66514639988448,,,73.0287969220843
3,15,0,2018-10-09 07:39:49.000000000,s,667,423,420,104.06565,30.663299999999996,104.06636355493552,30.663325257678146,264.81838114901194,177.74,128.91704101583065
3,16,0,2018-10-09 07:40:19.000000000,s,353,420,422,104.06469,30.66078,104.0664485,30.6609371,1000.0,179.5,161.89749512951295
3,16,1,2018-10-09 07:40:21.500000000,c,352,420,419,104.06465,30.6606175,104.06735344956421,30.662432453436395,,,90.71480495740589
3,16,2,2018-10-09 07:40:24.000000000,c,351,419,421,104.06461,30.660455,104.06834775045115,30.66171955005914,,,83.02479879253308
3,16,3,2018-10-09 07:40:26.500000000,c,1401,421,36,104.06457,30.6602925,104.06840095000531,30.66088605000073,,,9.49290411258331
3,16,4,2018-10-09 07:40:29.000000000,c,31,36,38,104.06453,30.660130000000002,104.06844083733056,30.65985513758399,,,104.828831659462
3,16,5,2018-10-09 07:40:31.500000000,c,180,38,221,104.06449,30.6599675,104.0684686130068,30.65861728693719,,,32.41337949928183
3,16,6,2018-10-09 07:40:34.000000000,c,4223,221,2319,104.06445,30.659805000000002,104.06842834998349,30.658260600002496,,,7.559210789063059
3,16,7,2018-10-09 07:40:36.500000000,c,4221,2319,217,104.06441,30.659642500000004,104.06827809965557,30.657920550058265,,,32.789837054069146
3,16,8,2018-10-09 07:40:39.000000000,c,177,217,219,104.06437,30.659480000000002,104.06716452884059,30.658047709873237,,,118.54717661783143
3,16,9,2018-10-09 07:40:41.500000000,c,4825,219,2451,104.06433,30.659317500000004,104.06576249998328,30.657980100107288,,,16.044710697465554
3,16,10,2018-10-09 07:40:44.000000000,c,4831,2451,2452,104.06429,30.659155000000005,104.06514144986144,30.65794710079019,,,43.573639184904735
3,16,11,2018-10-09 07:40:46.500000000,c,4840,2452,2321,104.06425,30.658992500000004,104.06415589984911,30.65790000108532,,,51.0035053942568
3,17,0,2018-10-09 07:40:49.000000000,s,4974,2321,2452,104.06421,30.658830000000005,104.06426147583015,30.65790438928599,0.0,87.72,61.13091712027221
3,18,0,2018-10-09 07:41:19.000000000,s,4974,2321,2452,104.06421,30.658830000000005,104.06426147583015,30.65790438928599,40.87609366824139,87.72,61.13091712027221
3,19,0,2018-10-09 07:41:46.000000000,s,4842,2452,2322,104.06422,30.658459999999998,104.0646876,30.6579221,167.3,177.61,0.0
3,19,1,2018-10-09 07:42:01.000000000,c,4837,2322,2364,104.06426,30.657540000000004,104.06512660002508,30.657079850588488,,,37.461908942334546
3,20,0,2018-10-09 07:42:16.000000000,s,4836,2364,2451,104.0643,30.656620000000007,104.0655174,30.657069600000007,200.60473759895,4.74,0.0
3,21,0,2018-10-09 07:42:46.000000000,s,4833,2451,2364,104.06655,30.656390000000002,104.0655174,30.657069600000007,44.50474282257963,184.74,100.302368799475
3,22,0,2018-10-09 07:43:16.000000000,s,4834,2364,2363,104.06742,30.656549999999992,104.0659817,30.657058300000003,47.23456069452581,92.09,44.50474282257963
3,23,0,2018-10-09 07:43:46.000000000,s,4433,2363,2318,104.06747,30.657060000000012,104.0664746,30.657050899999998,90.19499125993129,91.47,47.23456069452581
3,24,0,2018-10-09 07:44:16.000000000,s,4828,2318,218,104.06746,30.658,104.067415208579,30.657018810934918,240.7050087400687,92.74,90.19499125993129
3,24,1,2018-10-09 07:44:22.000000000,c,4219,218,447,104.067962,30.658074000000003,104.06795325002695,30.656971250027446,,,8.749305171578031
3,24,2,2018-10-09 07:44:28.000000000,c,2715,447,1847,104.06846399999999,30.658148000000004,104.068322698288,30.657534650305728,,,71.45706170884102
3,24,3,2018-10-09 07:44:34.000000000,c,2922,1847,445,104.068966,30.658222000000002,104.06863744998181,30.6581932000031,,,7.516352584924778
3,24,4,2018-10-09 07:44:40.000000000,c,2924,445,221,104.069468,30.658296000000004,104.06856010003656,30.65829070004416,,,10.8572938129592
3,25,0,2018-10-09 07:44:46.000000000,s,4223,221,2319,104.06997,30.658370000000005,104.068454,30.6583251,51.2,199.45,0.0
3,25,1,2018-10-09 07:44:56.000000000,c,4222,2319,1847,104.06981333333333,30.658430000000006,104.06850570003404,30.658163100041627,,,10.524791287313997
3,25,2,2018-10-09 07:45:06.000000000,c,2922,1847,445,104.06965666666667,30.658490000000004,104.06863744998181,30.6581932000031,,,7.516352584924778
3,26,0,2018-10-09 07:45:16.000000000,s,2924,445,221,104.0695,30.658550000000005,104.06866620000001,30.658256299999994,57.84958257462799,291.03,0.0
3,26,1,2018-10-09 07:45:31.000000000,c,4223,221,2319,104.069235,30.658535000000004,104.06842834998349,30.658260600002496,,,7.559210789063059
3,27,0,2018-10-09 07:45:46.000000000,s,4222,2319,1847,104.06897000000001,30.658520000000003,104.0686087,30.658130100000005,172.23364811609179,110.81,21.049582574627994
3,27,1,2018-10-09 07:45:56.000000000,c,2922,1847,445,104.06916333333334,30.65903,104.06863744998181,30.6581932000031,,,7.516352584924778
3,27,2,2018-10-09 07:46:06.000000000,c,2925,445,444,104.06935666666668,30.659540000000003,104.06866763569883,30.65868139434899,,,47.11347391004374
3,28,0,2018-10-09 07:46:16.000000000,s,4844,444,442,104.06955,30.660050000000002,104.0693184,30.6591275,103.4992867720289,88.35,62.983230690719765
3,29,0,2018-10-09 07:46:46.000000000,s,380,442,20,104.07076,30.65979000000001,104.0699342,30.658479199999995,0.0,209.96,0.0
3,30,0,2018-10-09 07:47:13.000000000,s,380,442,20,104.07081,30.65918999999999,104.0699342,30.658479199999995,0.0,209.96,0.0
3,31,0,2018-10-09 07:47:43.000000000,s,380,442,20,104.07085,30.6591,104.0699342,30.658479199999995,77.75495982541025,209.96,0.0
3,32,0,2018-10-09 07:48:13.000000000,s,382,20,445,104.07093,30.658180000000005,104.069545,30.6578636,472.1788410561702,297.81,0.0
3,32,1,2018-10-09 07:48:18.000000000,c,2924,445,221,104.07092666666667,30.657750000000004,104.06856010003656,30.65829070004416,,,10.8572938129592
3,32,2,2018-10-09 07:48:23.000000000,c,4223,221,2319,104.07092333333334,30.657320000000002,104.06842834998349,30.658260600002496,,,7.559210789063059
3,32,3,2018-10-09 07:48:28.000000000,c,4221,2319,217,104.07092,30.656890000000004,104.06827809965557,30.657920550058265,,,32.789837054069146
3,32,4,2018-10-09 07:48:33.000000000,c,176,217,218,104.07091666666666,30.656460000000003,104.0680116495438,30.657324150075624,,,38.068738532882925
3,32,5,2018-10-09 07:48:38.000000000,c,4219,218,447,104.07091333333334,30.65603,104.06795325002695,30.656971250027446,,,8.749305171578031
3,33,0,2018-10-09 07:48:43.000000000,s,2716,447,446,104.07091,30.6556,104.069601,30.656017599999995,,124.75,181.3788410561702
4,1,0,2018-10-09 10:43:40.000000000,s,866,829,830,104.06086,30.65444,104.0601001,30.655567900000005,162.6168969847905,35.29,0.0
4,2,0,2018-10-09 10:44:10.000000000,s,2854,830,816,104.06087,30.657839999999997,104.0605598,30.656944299999996,986.0190205650156,359.59,64.48097943498442
4,2,1,2018-10-09 10:44:13.000000000,c,2856,816,821,104.060853,30.658186999999998,104.05948044953485,30.656913604475506,,,103.47467064035558
4,2,2,2018-10-09 10:44:16.000000000,c,856,821,223,104.060836,30.658534,,,,,
4,2,3,2018-10-09 10:44:19.000000000,c,857,223,823,104.060819,30.658881,,,,,
4,2,4,2018-10-09 10:44:22.000000000,c,860,823,825,104.060802,30.659228000000002,,,,,
4,2,5,2018-10-09 10:44:25.000000000,c,2634,825,826,104.060785,30.659575000000004,,,,,
4,2,6,2018-10-09 10:44:28.000000000,c,863,826,827,104.060768,30.659922000000005,,,,,
4,2,7,2018-10-09 10:44:31.000000000,c,2613,827,1810,104.060751,30.660269000000007,104.05864269997011,30.66237000042454,,,31.84320412000411
4,2,8,2018-10-09 10:44:34.000000000,c,6047,1810,1267,104.060734,30.660616000000008,104.05906734999766,30.662376800032774,,,8.8496478692808
4,2,9,2018-10-09 10:44:37.000000000,c,6043,1267,326,104.060717,30.66096300000001,104.05962779994076,30.662385750842436,,,44.856417358583194
4,3,0,2018-10-09 10:44:40.000000000,s,1575,326,323,104.0607,30.66131000000001,104.0600959,30.662393199999993,164.18909124310443,358.64,0.0
4,4,0,2018-10-09 10:45:10.000000000,s,1575,326,323,104.06062,30.663890000000002,104.06004074557575,30.663873876588156,175.64673553282688,358.64,164.18909124310443
4,5,0,2018-10-09 10:45:40.000000000,s,1575,326,323,104.06054,30.665470000000003,104.05999267494568,30.665458149722422,440.2466078936683,358.64,339.8358267759313
4,5,1,2018-10-09 10:45:47.500000000,c,260,323,324,104.060495,30.66657,104.05994110041108,30.6668489500653,,,93.48715897828973
4,5,2,2018-10-09 10:45:55.000000000,c,266,324,330,104.06045,30.66767,104.05990105000447,30.667771500000622,,,8.831947377729122
4,5,3,2018-10-09 10:46:02.500000000,c,4959,330,328,104.060405,30.66877,104.05984434393042,30.668593934387395,,,82.48403667177992
4,6,0,2018-10-09 10:46:10.000000000,s,5151,328,327,104.06036,30.669869999999996,104.059781,30.6694255,0.0,358.26,9.882434669599533
4,7,0,2018-10-09 10:46:40.000000000,s,5151,328,327,104.06034,30.670650000000002,104.059781,30.6694255,0.0,358.26,9.882434669599533
4,8,0,2018-10-09 10:47:10.000000000,s,5151,328,327,104.06037,30.670670000000005,104.059781,30.6694255,0.0,358.26,9.882434669599533
4,9,0,2018-10-09 10:47:40.000000000,s,5151,328,327,104.06037,30.670670000000005,104.059781,30.6694255,0.0,358.26,9.882434669599533
4,10,0,2018-10-09 10:48:10.000000000,s,5151,328,327,104.06036,30.67094,104.059781,30.6694255,442.09645541001146,358.26,9.882434669599533
4,10,1,2018-10-09 10:48:17.500000000,c,264,327,329,104.0602125,30.671185000000005,104.05892941216854,30.669387580187486,,,81.82110107471442
4,10,2,2018-10-09 10:48:25.000000000,c,2701,329,1684,104.06006500000001,30.671430000000008,104.05805385023194,30.670072700043335,,,78.5848707593987
4,10,3,2018-10-09 10:48:32.500000000,c,2665,1684,1832,104.0599175,30.671675000000008,104.05800218114344,30.67106263824137,,,31.339659094645974
4,11,0,2018-10-09 10:48:40.000000000,s,2710,1832,1683,104.05977,30.67192000000001,104.0579266963941,30.671867868236337,130.32142986724847,359.99,58.578890079611035
4,12,0,2018-10-09 10:49:10.000000000,s,2640,1683,1680,104.05852,30.672470000000004,104.0578822,30.673043100000008,125.5,358.57,0.0
4,12,1,2018-10-09 10:49:20.000000000,c,2823,1680,1652,104.05808,30.672676666666668,104.0578463500004,30.674027400000227,,,6.084605815283568
4,12,2,2018-10-09 10:49:30.000000000,c,2654,1652,1827,104.05763999999999,30.672883333333328,104.05779970001083,30.67410515000866,,,5.140854409413339
4,13,0,2018-10-09 10:49:40.000000000,s,2730,1827,148,104.0572,30.67308999999999,104.057753,30.674127999999993,373.02298369509424,297.83,0.0
4,13,1,2018-10-09 10:49:55.000000000,c,2606,148,1808,104.055465,30.673909999999996,104.0553849500099,30.675185100009273,,,5.153131281436455
4,14,0,2018-10-09 10:50:10.000000000,s,2699,1808,603,104.05373,30.67473,104.05429307926211,30.675671523810824,197.13995778126957,297.82,112.52298369509423
4,15,0,2018-10-09 10:50:40.000000000,s,2699,1808,603,104.05199,30.675749999999994,104.05248363958994,30.67651841094148,0.0,297.82,309.6629414763638
4,16,0,2018-10-09 10:51:13.000000000,s,2699,1808,603,104.05199,30.675749999999994,104.05248363958994,30.67651841094148,0.0,297.82,309.6629414763638
4,17,0,2018-10-09 10:51:43.000000000,s,2699,1808,603,104.05199,30.675749999999994,104.05248363958994,30.67651841094148,54.367311274604845,297.82,309.6629414763638
4,18,0,2018-10-09 10:52:13.000000000,s,2699,1808,603,104.05154,30.676059999999993,104.05198747006669,30.676756547411518,291.5899816893695,297.82,364.03025275096866
4,19,0,2018-10-09 10:52:43.000000000,s,2658,603,1829,104.04902,30.677719999999997,104.04945013266953,30.678201921971258,325.8599199529581,302.72,228.0406374069126
4,19,1,2018-10-09 10:52:58.000000000,c,4948,1829,1838,104.04778999999999,30.678764999999995,104.04891525000959,30.67855865000529,,,4.494474932438279
4,20,0,2018-10-09 10:53:13.000000000,s,2683,1838,1401,104.04656,30.679809999999993,104.04679969933633,30.680043733893932,280.88665937500366,309.37,256.60055735987066
4,21,0,2018-10-09 10:53:43.000000000,s,2683,1838,1401,104.04481,30.68189,104.04467471593534,30.681786160119593,195.78413946817312,316.78,537.4872167348743
4,21,1,2018-10-09 10:53:58.000000000,c,1826,1401,150,104.04424499999999,30.68262,104.04398930102444,30.682472350397234,,,46.211306968441605
4,22,0,2018-10-09 10:54:13.000000000,s,121,150,151,104.04368,30.68335,104.04336864109784,30.683143926097678,240.90440483816292,323.04,49.0713562030474
4,22,1,2018-10-09 10:54:19.000000000,c,4280,151,282,104.043398,30.683744,104.0428612639072,30.68374136091832,,,67.40294398826902
4,22,2,2018-10-09 10:54:25.000000000,c,227,282,283,104.043116,30.684137999999997,104.04239895007032,30.684346150018644,,,13.009811410039049
4,22,3,2018-10-09 10:54:31.000000000,c,2705,283,1846,104.042834,30.684531999999997,104.04227909995168,30.684361850011012,,,10.993775077131824
4,22,4,2018-10-09 10:54:37.000000000,c,2727,1846,1811,104.042552,30.684925999999994,104.0423014500722,30.684184250024924,,,12.433965262201506
4,23,0,2018-10-09 10:54:43.000000000,s,2615,1811,282,104.04227,30.685319999999994,104.0424642,30.684243199999997,219.6551690096606,26.9,18.47576104121032
4,23,1,2018-10-09 10:54:58.000000000,c,228,282,284,104.043065,30.685739999999996,104.04266639945496,30.684507450151113,,,35.112334087392476
4,24,0,2018-10-09 10:55:13.000000000,s,2598,284,1646,104.04386,30.68616,104.0441644351553,30.685503052796427,,59.89,149.4309300508709
5,0,0,2018-10-09 10:56:38.000000000,s,5863,2336,653,104.04343,30.68649,104.0436506111012,30.686857579450812,80.0327086293421,319.84,145.93065945843676
5,1,0,2018-10-09 10:57:07.000000000,s,5865,653,652,104.04277,30.685969999999994,104.04288360000001,30.68714319999999,421.04265770383597,21.73,0.0
5,1,1,2018-10-09 10:57:50.000000000,c,623,652,156,104.04261333333334,30.68715333333333,104.04242160229468,30.687888851156227,,,68.9876287818823
5,1,2,2018-10-09 10:58:33.000000000,c,628,156,154,104.04245666666667,30.688336666666665,104.04137453156838,30.68867178444696,,,63.67536898179399
5,2,0,2018-10-09 10:59:16.000000000,s,125,154,155,104.0423,30.68952,104.04172911241066,30.689916492601764,13.847121320874109,39.28,117.54265770383599
5,3,0,2018-10-09 10:59:43.000000000,s,125,154,155,104.04233,30.689620000000012,104.04182338887249,30.690011158098876,6.496795899357892,39.28,131.3897790247101
5,4,0,2018-10-09 11:00:10.000000000,s,125,154,155,104.04238,30.689659999999996,104.04186857871875,30.690054872208957,18.27998380531359,39.28,137.886574924068
5,5,0,2018-10-09 11:00:40.000000000,s,125,154,155,104.04232,30.689530000000012,104.04174261036067,30.689931008471326,8.808427609533211,39.28,119.6065911187544
5,6,0,2018-10-09 11:01:28.000000000,s,125,154,155,104.04213,30.689560000000004,104.041685004017,30.68986905782664,24.95464727765352,39.28,110.79816350922118
5,7,0,2018-10-09 11:02:04.000000000,s,125,154,155,104.04223,30.68975000000001,104.04185373686379,30.690040515041073,22.69900250890501,39.28,135.7528107868747
5,8,0,2018-10-09 11:02:34.000000000,s,125,154,155,104.04211000000001,30.689599999999995,104.0416997557289,30.68988492202789,,39.28,113.0538082779697
6,0,0,2018-10-09 06:02:29.000000000,s,4173,2302,197,104.08419,30.65651000000001,104.08321400432101,30.6569713585998,7.7483334149531515,34.63,209.97599284766096
6,1,0,2018-10-09 06:02:59.000000000,s,4172,197,2302,104.08432,30.657280000000004,104.0832528,30.6570327,41.76526116892629,209.14,0.0
6,2,0,2018-10-09 06:03:32.000000000,s,4172,197,2302,104.084,30.65625,104.08304368312895,30.656702055913566,15.346529905176538,209.14,41.76526116892629
6,3,0,2018-10-09 06:03:56.000000000,s,4172,197,2302,104.08392,30.656130000000005,104.08296684406439,30.65658056157541,10.537473450770563,209.14,57.111791074102825
6,4,0,2018-10-09 06:04:26.000000000,s,4172,197,2302,104.08386,30.656050000000008,104.08291408373844,30.65649713921477,0.1565310667151607,209.14,67.64926452487339
6,5,0,2018-10-09 06:05:06.000000000,s,4172,197,2302,104.08396,30.655980000000003,104.0829133,30.656495900000003,0.0,209.14,67.80579559158855
6,6,0,2018-10-09 06:05:34.000000000,s,4172,197,2302,104.08396,30.655980000000003,104.0829133,30.656495900000003,14.91176070558069,209.14,67.80579559158855
6,7,0,2018-10-09 06:06:01.000000000,s,4172,197,2302,104.08372,30.65586,104.08282590826367,30.656384569265406,135.00676996544487,209.14,82.71755629716924
6,8,0,2018-10-09 06:06:34.000000000,s,4172,197,2302,104.08262,30.654469999999993,104.0821252,30.655328599999994,0.0,209.75,217.7243262626141
6,9,0,2018-10-09 06:07:01.000000000,s,4172,197,2302,104.0821,30.653820000000003,104.0821252,30.655328599999994,,209.75,217.7243262626141
7,1,0,2018-10-09 07:12:22.000000000,s,1395,1164,1166,104.11502,30.65828,104.11501184612554,30.658294104377667,1000.0,260.88,258.81147248328125
7,1,1,2018-10-09 07:12:32.000000000,c,1394,1164,1057,104.11451333333333,30.659873333333334,,,,,
7,1,2,2018-10-09 07:12:42.000000000,c,5115,1057,1979,104.11400666666668,30.66146666666667,104.11458275206967,30.659961541453672,,,196.11160324798772
7,2,0,2018-10-09 07:12:52.000000000,s,5860,1979,214,104.11350000000002,30.66306,104.11214795525508,30.662688405550753,547.8602577689658,346.29,336.7992565324916
7,2,1,2018-10-09 07:12:59.500000000,c,3659,214,1980,104.11302500000002,30.664235,104.11165130350304,30.663913050661737,,,104.71607793887999
7,2,2,2018-10-09 07:13:07.000000000,c,3102,1980,1324,104.11255000000001,30.66541,104.11124915002468,30.664880600004235,,,9.235283003434768
7,2,3,2018-10-09 07:13:14.500000000,c,3658,1324,1201,104.112075,30.666585000000005,104.11080260629905,30.66598612146422,,,120.54696977816972
7,3,0,2018-10-09 07:13:22.000000000,s,3675,1201,720,104.11160000000001,30.667760000000005,104.11025743369332,30.667353583980745,558.1903599331922,341.15,39.75951430145744
7,4,0,2018-10-09 07:13:52.000000000,s,3655,720,1091,104.10971,30.672519999999995,104.10834190605749,30.672110096089483,482.6765847822732,341.34,325.83166534285715
7,4,1,2018-10-09 07:13:58.000000000,c,3652,1091,1080,104.10934400000001,30.673333999999997,104.10806300193474,30.672812150350747,,,79.42896373207101
7,4,2,2018-10-09 07:14:04.000000000,c,5771,1080,2652,104.10897800000001,30.674147999999995,104.10777555000963,30.673539650001665,,,5.773748395962573
7,4,3,2018-10-09 07:14:10.000000000,c,5770,2652,1011,104.108612,30.674961999999997,104.1076206505112,30.67394180009106,,,41.20232049087002
7,4,4,2018-10-09 07:14:16.000000000,c,1228,1011,1089,104.108246,30.675775999999995,104.10724245160468,30.674920150284933,,,73.12065020604847
7,5,0,2018-10-09 07:14:22.000000000,s,3650,1089,1040,104.10788,30.676589999999997,104.10671830608126,30.67623298970154,445.99174987486964,340.88,80.8082501251303
7,5,1,2018-10-09 07:14:29.500000000,c,3648,1040,2045,104.10737,30.6775125,104.10608560001141,30.677762700002408,,,5.682724691742524
7,5,2,2018-10-09 07:14:37.000000000,c,3646,2045,2178,104.10686,30.678435,104.10593505034167,30.67806435007422,,,30.727434200824806
7,5,3,2018-10-09 07:14:44.500000000,c,4874,2178,2177,104.10634999999999,30.6793575,104.10538886201446,30.679137542555413,,,99.41408244611276
7,6,0,2018-10-09 07:14:52.000000000,s,3645,2177,131,104.10584,30.68028,104.1049146,30.679935399999994,400.87609168416043,334.03,0.0
7,7,0,2018-10-09 07:15:22.000000000,s,775,131,768,104.10405,30.683569999999992,104.10307198971431,30.68318233203838,252.64486709699574,332.78,57.54467632676968
7,8,0,2018-10-09 07:15:52.000000000,s,1258,768,1105,104.10287,30.68561,104.1019517914954,30.685246031215005,142.70800294974993,335.23,133.19199705025005
7,8,1,2018-10-09 07:16:07.000000000,c,4526,1105,1002,104.10235,30.685574999999996,104.10146100819755,30.68603209716126,,,42.69195639664299
7,9,0,2018-10-09 07:16:22.000000000,s,3669,1002,749,104.10183,30.685539999999992,104.1012769,30.686382899999995,818.1013616488568,343.66,0.0
7,9,1,2018-10-09 07:16:26.714285824,c,752,749,748,104.10162714285715,30.685265714285705,,,,,
7,9,2,2018-10-09 07:16:31.428571392,c,754,748,751,104.10142428571429,30.684991428571422,,,,,
7,9,3,2018-10-09 07:16:36.142857216,c,5825,751,753,104.10122142857144,30.684717142857135,,,,,
7,9,4,2018-10-09 07:16:40.857142784,c,5829,753,754,104.10101857142857,30.68444285714285,,,,,
7,9,5,2018-10-09 07:16:45.571428608,c,5827,754,765,104.10081571428572,30.684168571428565,104.10038735056393,30.686935829497056,,,50.66762072265202
7,9,6,2018-10-09 07:16:50.285714176,c,772,765,767,104.10061285714285,30.68389428571428,104.10109540149575,30.68586542613696,,,86.90768502043066
7,10,0,2018-10-09 07:16:55.000000000,s,3666,767,130,104.10041,30.683619999999994,104.10191637016501,30.68424341761838,516.638703479069,164.11,109.60136164885678
7,11,0,2018-10-09 07:17:25.000000000,s,104,130,132,104.09828,30.68093,104.1001703,30.681140499999998,1000.0,211.39,303.7714705533147
7,12,0,2018-10-09 07:17:55.000000000,s,5269,206,2540,104.09554,30.677539999999993,104.09463805494225,30.676982681347106,563.2198029413954,136.88,95.04793914792651
7,12,1,2018-10-09 07:18:10.000000000,c,5913,2540,2043,104.094085,30.67572,104.09569433098477,30.674849192382315,,,18.637824859202066
7,13,0,2018-10-09 07:18:25.000000000,s,3337,2043,502,104.09263,30.673900000000003,104.0929321,30.6738388,286.31991848141035,251.25,286.1677420893219
7,13,1,2018-10-09 07:18:43.000000000,c,3363,502,2056,104.09181000000001,30.67291,104.09155304405725,30.67343270721689,,,139.56763010917368
7,14,0,2018-10-09 07:19:01.000000000,s,5772,2056,1034,104.09099,30.671920000000004,104.09021,30.672969700000003,89.9967347050899,151.79,7.187660570732277
7,15,0,2018-10-09 07:19:31.000000000,s,3861,1034,504,104.09045000000002,30.671269999999996,104.09108495645947,30.672674063753927,1000.0,111.81,89.9967347050899
7,16,0,2018-10-09 07:20:01.000000000,s,1143,1031,1029,104.08842,30.668159999999997,104.088426906193,30.668170058938482,380.3557859397712,121.15,119.68367536891816
7,16,1,2018-10-09 07:20:16.000000000,c,1141,1029,1032,104.087455,30.66666,104.0880953382124,30.667477155042064,,,82.27484498883382
7,17,0,2018-10-09 07:20:31.000000000,s,1783,1032,791,104.08649,30.665160000000004,104.0867655,30.665147200000007,25.081937988215525,205.5,205.83946130868935
7,18,0,2018-10-09 07:21:01.000000000,s,2917,791,1132,104.08618,30.664690000000004,104.08653549408677,30.665255289858113,105.5556447017952,299.0,25.081937988215525
7,19,0,2018-10-09 07:21:34.000000000,s,2917,791,1132,104.08497,30.66476,104.08556752418264,30.665710174142593,242.688813634422,299.0,130.63758269001073
7,19,1,2018-10-09 07:21:44.000000000,c,3943,1132,2217,104.08422666666667,30.66510333333333,104.0845521536625,30.666171103166132,,,96.69146817229196
7,19,2,2018-10-09 07:21:54.000000000,c,3818,2217,1543,104.08348333333335,30.665446666666664,104.08355515005057,30.666623800041673,,,11.204495054583937
7,20,0,2018-10-09 07:22:04.000000000,s,5027,1543,2230,104.08274000000002,30.665789999999994,104.08332646316266,30.666731135818203,0.0,298.78,13.726396324432693
7,21,0,2018-10-09 07:22:34.000000000,s,5027,1543,2230,104.08274000000002,30.665789999999994,104.08332646316266,30.666731135818203,206.59358172916887,298.78,13.726396324432693
7,22,0,2018-10-09 07:23:04.000000000,s,3885,2230,1553,104.08084000000001,30.666659999999993,104.0814266668309,30.667613020357123,90.82843359236752,298.49,53.08425382778377
7,23,0,2018-10-09 07:23:34.000000000,s,3885,2230,1553,104.08,30.66704,104.0805897266526,30.66799800456267,305.15297091766115,298.49,143.9126874201513
7,23,1,2018-10-09 07:23:49.000000000,c,3934,1553,1552,104.078595,30.667704999999998,104.07940009974216,30.668553185131422,,,98.28484847838634
7,24,0,2018-10-09 07:24:04.000000000,s,3931,1552,1524,104.07719,30.66837,104.07779072152857,30.66931238852227,277.912906723221,299.33,77.36565833781243
7,25,0,2018-10-09 07:24:34.000000000,s,3936,1524,2231,104.07464,30.669539999999994,104.0752406344609,30.6705076446538,292.27433198792403,298.69,168.50457396573645
7,25,1,2018-10-09 07:24:49.000000000,c,3898,2231,1549,104.07329,30.670164999999997,104.07427955348807,30.670949552966803,,,93.8916769597559
7,26,0,2018-10-09 07:25:04.000000000,s,3939,1549,2237,104.07194,30.67079,104.07255327133896,30.671755607566286,40.672595228264015,299.24,94.07890595366047
7,27,0,2018-10-09 07:25:34.000000000,s,3939,1549,2237,104.07157000000001,30.67097,104.07218111199869,30.6719322134859,76.52053613993255,299.24,134.75150118192448
7,27,1,2018-10-09 07:25:49.000000000,c,4483,2237,1019,104.071215,30.67111,104.07165225002021,30.67218330001657,,,7.071908824178484
7,28,0,2018-10-09 07:26:04.000000000,s,2711,1019,611,104.07086,30.67125,104.07147989404214,30.672263329903632,298.03585054421893,298.34,11.672037321857026
7,29,0,2018-10-09 07:26:34.000000000,s,2669,611,614,104.06812,30.672539999999998,104.06873412902735,30.67352756549382,436.5991613107291,298.73,132.76347128302345
7,29,1,2018-10-09 07:26:40.000000000,c,584,614,620,104.06732199999999,30.672927999999995,104.06781180089885,30.67396520072306,,,46.90528424305537
7,29,2,2018-10-09 07:26:46.000000000,c,4234,620,76,104.066524,30.673315999999996,104.06651720361367,30.674583002986637,,,94.76324081397655
7,29,3,2018-10-09 07:26:52.000000000,c,2648,76,1813,104.065726,30.673703999999994,104.06560350000946,30.675013750008343,,,4.941808219081483
7,29,4,2018-10-09 07:26:58.000000000,c,2691,1813,1296,104.06492800000001,30.674091999999995,104.06518925064819,30.675207550538033,,,40.18357602984329
7,30,0,2018-10-09 07:27:04.000000000,s,1664,1296,1297,104.06413,30.674479999999992,104.06473736821229,30.6754212701359,300.9600571997812,299.63,9.1626325937525
7,31,0,2018-10-09 07:27:34.000000000,s,1664,1296,1297,104.06132,30.67569999999999,104.06199360661073,30.67674397080964,1.0796623367050984,299.63,310.1226897935337
7,32,0,2018-10-09 07:28:04.000000000,s,1664,1296,1297,104.06132,30.675679999999986,104.06200344969663,30.676739225867827,53.465894396408146,299.63,309.0430274568286
7,33,0,2018-10-09 07:28:34.000000000,s,1664,1296,1297,104.06081,30.675879999999992,104.06151600968501,30.676974198924658,3.5896137343916052,299.63,362.50892185323676
7,34,0,2018-10-09 07:29:04.000000000,s,1664,1296,1297,104.06078,30.675900000000002,104.06148328366716,30.676989974568343,28.149484540846636,299.63,366.09853558762836
7,35,0,2018-10-09 07:29:34.000000000,s,1789,1297,1387,104.06052,30.675959999999986,104.0612864,30.676933999999996,811.8950392895476,209.26,14.604960710452369
7,35,1,2018-10-09 07:29:39.000000000,c,2601,1387,1685,104.06022166666666,30.67562833333332,104.06227042246563,30.676457081127626,,,108.07351776626388
7,35,2,2018-10-09 07:29:44.000000000,c,2732,1685,1384,104.05992333333333,30.675296666666657,104.06285159750217,30.67536965060063,,,77.88696069428809
7,35,3,2018-10-09 07:29:49.000000000,c,2395,1384,1230,104.059625,30.674964999999993,104.06237029990751,30.674643300022804,,,14.884675587024676
7,35,4,2018-10-09 07:29:54.000000000,c,1785,1230,1228,104.05932666666666,30.674633333333333,104.06164284348542,30.67353895155882,,,125.96144654894445
7,35,5,2018-10-09 07:29:59.000000000,c,1497,1228,1229,104.05902833333333,30.67430166666667,104.06027130253507,30.6728962020719,,,79.12066539830228
7,36,0,2018-10-09 07:30:04.000000000,s,2332,1229,1653,104.05873,30.673970000000004,104.0595487,30.67324189999999,49.62361094706958,205.47,0.0
7,37,0,2018-10-09 07:30:34.000000000,s,2786,1653,1682,104.05818,30.67329,104.05933269365794,30.67283494756046,127.63133016241852,205.03,38.55743825413202
7,38,0,2018-10-09 07:31:04.000000000,s,2391,1682,1684,104.0575,30.672259999999998,104.0588004745561,30.671779315919522,142.13813425933336,203.63,91.47481174746282
7,39,0,2018-10-09 07:31:34.000000000,s,2391,1682,1684,104.05679,30.670890000000004,104.0580319,30.670781499999993,62.67931818929195,264.48,233.6129460067962
7,40,0,2018-10-09 07:32:04.000000000,s,2665,1684,1832,104.05614000000001,30.671179999999993,104.0579351,30.671339399999994,,348.65,62.67931818929195
8,0,0,2018-10-05 00:03:46.000000000,s,546,589,231,104.0461,30.69389999999999,104.0462335145151,30.69351940465516,833.2114740530162,73.62,67.38852594698382
8,0,1,2018-10-05 00:03:50.285714176,c,2769,231,1702,104.04701857142857,30.693977142857133,104.04844325085764,30.693022000097752,,,85.17538887520621
8,0,2,2018-10-05 00:03:54.571428608,c,2765,1702,497,104.04793714285714,30.694054285714277,,,,,
8,0,3,2018-10-05 00:03:58.857142784,c,2440,497,492,104.04885571428571,30.69413142857142,,,,,
8,0,4,2018-10-05 00:04:03.142857216,c,434,492,491,104.04977428571429,30.694208571428568,104.05058964895451,30.69248965241626,,,77.3210531421142
8,0,5,2018-10-05 00:04:07.428571392,c,428,491,493,104.05069285714286,30.694285714285712,104.05176999983009,30.6926479505676,,,37.12607234571442
8,0,6,2018-10-05 00:04:11.714285824,c,441,493,498,104.05161142857143,30.694362857142856,104.05271561788182,30.692759723563587,,,54.30112777895274
8,1,0,2018-10-05 00:04:16.000000000,s,3750,498,486,104.05253,30.69444,104.0528221,30.69315140000001,922.5884641895076,90.62,0.0
8,1,1,2018-10-05 00:04:21.500000000,c,3752,486,484,104.05370166666667,30.694456666666667,104.05417170003575,30.693137500986747,,,48.47370152560383
8,1,2,2018-10-05 00:04:27.000000000,c,418,484,90,104.05487333333333,30.69447333333333,104.05467594999965,30.69303400000061,,,10.131192304348033
8,1,3,2018-10-05 00:04:32.500000000,c,3286,90,1278,104.05604500000001,30.694489999999995,104.05585413498119,30.692783369204765,,,114.37631013186467
8,1,4,2018-10-05 00:04:38.000000000,c,1620,1278,91,104.05721666666668,30.694506666666662,,,,,
8,1,5,2018-10-05 00:04:43.500000000,c,3742,91,1272,104.05838833333334,30.69452333333333,,,,,
8,2,0,2018-10-05 00:04:49.000000000,s,1609,1272,1273,104.05956,30.694539999999993,104.05783863827449,30.69457340541192,1000.0,15.41,322.98846418950757
8,3,0,2018-10-05 00:05:19.000000000,s,521,566,568,104.06596,30.694519999999997,104.06718408680473,30.694522516501575,749.9312406440079,180.34,35.78553758010474
8,3,1,2018-10-05 00:05:29.000000000,c,2144,568,1576,104.06806,30.694503333333333,104.06894770009481,30.692710211917543,,,168.46828053916997
8,3,2,2018-10-05 00:05:39.000000000,c,2830,1576,647,104.07016000000002,30.694486666666666,104.07078780000023,30.692685900025527,,,7.797461233998639
8,4,0,2018-10-05 00:05:49.000000000,s,2130,647,564,104.07226000000001,30.694470000000003,104.0708890205937,30.694481303451223,1308.5090283888305,1.02,199.11677822411252
8,4,1,2018-10-05 00:05:54.000000000,c,519,564,565,104.07315833333334,30.69445666666667,104.07090455002466,30.69585160007971,,,114.91490969969692
8,4,2,2018-10-05 00:05:59.000000000,c,4520,565,570,104.07405666666668,30.694443333333336,,,,,
8,4,3,2018-10-05 00:06:04.000000000,c,980,570,913,104.07495500000002,30.694430000000004,,,,,
8,4,4,2018-10-05 00:06:09.000000000,c,3681,913,2184,104.07585333333334,30.694416666666672,,,,,
8,4,5,2018-10-05 00:06:14.000000000,c,6134,2184,2684,104.07675166666667,30.694403333333337,,,,,
8,5,0,2018-10-05 00:06:19.000000000,s,6147,2684,553,104.07765,30.694390000000006,104.07879921759299,30.694331136955167,104.29631339471445,183.47,274.92580661294306
8,6,0,2018-10-05 00:06:49.000000000,s,6147,2684,553,104.07994,30.69333,104.07873478488523,30.693391742505572,93.95262982886567,183.47,379.2221200076575
8,7,0,2018-10-05 00:07:19.000000000,s,6147,2684,553,104.0792,30.69241,104.07860046510258,30.692555843801884,42.59607551604182,190.69,473.1747498365232
8,8,0,2018-10-05 00:07:49.000000000,s,6139,553,2035,104.07876,30.692409999999988,104.0784515,30.69219379999999,58.498636215354466,294.8,0.0
8,9,0,2018-10-05 00:08:19.000000000,s,6137,2035,562,104.0779,30.692420000000002,104.07790002919351,30.692420060509704,42.663736567108934,297.74,34.79559481759731
8,10,0,2018-10-05 00:08:49.000000000,s,3307,562,2035,104.07713,30.692429999999995,104.0774889,30.692568200000004,154.9186627694125,113.1,0.0
8,11,0,2018-10-05 00:09:19.000000000,s,6137,2035,562,104.07579,30.692439999999998,104.0774889,30.692568200000004,817.2574914505991,293.1,77.45933138470625
8,11,1,2018-10-05 00:09:26.500000000,c,3306,562,644,104.0751725,30.69257,104.07746680395842,30.691517619833192,,,116.45558082337175
8,11,2,2018-10-05 00:09:34.000000000,c,3628,644,643,104.074555,30.692700000000002,,,,,
8,11,3,2018-10-05 00:09:41.500000000,c,608,643,646,104.0739375,30.692830000000004,104.07419450004235,30.691573250084915,,,118.45462147957193
8,12,0,2018-10-05 00:09:49.000000000,s,611,646,563,104.07332,30.692960000000006,104.07420703159974,30.692956140491127,189.50836623331298,0.76,34.816822835305445
8,13,0,2018-10-05 00:10:19.000000000,s,611,646,563,104.0733,30.69467,104.07421700074059,30.694666010529808,,0.76,224.3251890686184
9,0,0,2018-10-09 05:36:14.000000000,s,2702,1841,1844,104.04409,30.66431,104.0447108,30.665211399999993,108.12849614245125,119.59,0.0
9,1,0,2018-10-09 05:36:44.000000000,s,2833,1844,166,104.04508,30.663820000000005,104.04568738050344,30.664722410937557,396.09049661671105,120.68,97.00950338328897
9,1,1,2018-10-09 05:36:54.000000000,c,2707,166,1465,104.04630666666667,30.663213333333335,104.04767380004367,30.66384645005673,,,12.209642748894169
9,1,2,2018-10-09 05:37:04.000000000,c,2842,1465,1461,104.04753333333333,30.662606666666665,104.04861579951756,30.66352332093492,,,84.90256059104962
9,2,0,2018-10-09 05:37:14.000000000,s,2844,1461,1469,104.04876,30.661999999999995,104.0494521,30.663273299999997,456.44388446652897,101.16,0.0
9,2,1,2018-10-09 05:37:29.000000000,c,4429,1469,1467,104.050795,30.661364999999996,104.05084846936082,30.662923513168046,,,28.936766794795965
9,3,0,2018-10-09 05:37:44.000000000,s,1924,1467,1468,104.05283,30.66073,104.05332140000002,30.66165749999999,0.0,117.8,264.043884466529
9,4,0,2018-10-09 05:38:14.000000000,s,2645,1468,1467,104.05448,30.660790000000002,104.05332140000002,30.66165749999999,871.9632941825784,297.8,0.0
9,4,1,2018-10-09 05:38:21.500000000,c,1925,1467,1469,104.0546675,30.660767500000002,104.05084846936082,30.662923513168046,,,28.936766794795965
9,4,2,2018-10-09 05:38:29.000000000,c,4430,1469,1805,104.054855,30.660745000000002,104.05234363689794,30.663226086603487,,,143.80006898789816
9,4,3,2018-10-09 05:38:36.500000000,c,2602,1805,660,104.0550425,30.660722500000002,,,,,
9,5,0,2018-10-09 05:38:44.000000000,s,2627,660,1816,104.05523,30.660700000000002,104.05557815783982,30.6609862517257,0.0,140.35,247.26329418257828
9,6,0,2018-10-09 05:39:14.000000000,s,2627,660,1816,104.05523,30.660700000000002,104.05557815783982,30.6609862517257,0.0,140.35,247.26329418257828
9,7,0,2018-10-09 05:39:44.000000000,s,2627,660,1816,104.05523,30.660700000000002,104.05557815783982,30.6609862517257,63.087551892631005,140.35,247.26329418257828
9,8,0,2018-10-09 05:40:14.000000000,s,2651,1816,222,104.05587,30.66045,104.05602147349359,30.660565500728904,286.760811107533,139.07,36.22144706610515
9,9,0,2018-10-09 05:40:44.000000000,s,182,222,224,104.05765,30.658899999999996,104.058165,30.658769699999997,372.30289510244853,179.7,0.0
9,9,1,2018-10-09 05:40:59.000000000,c,850,224,821,104.058775,30.657899999999998,104.05829789999993,30.65688390004101,,,9.888810553418425
9,10,0,2018-10-09 05:41:14.000000000,s,853,821,816,104.0599,30.6569,104.05989902932879,30.656925509484104,63.346446178262624,88.6,143.60289510244854
9,11,0,2018-10-09 05:41:44.000000000,s,853,821,816,104.06068,30.656399999999998,104.0605598,30.656944299999996,162.58657626909488,88.6,206.94934128071117
9,11,1,2018-10-09 05:41:59.000000000,c,2857,816,830,104.06069500000001,30.65551,104.06055072899852,30.65665383326536,,,32.24048971749221
9,12,0,2018-10-09 05:42:14.000000000,s,2853,830,829,104.06071,30.65462,104.0601001,30.655567900000005,0.0,215.29,98.13591754980607
9,13,0,2018-10-09 05:42:44.000000000,s,865,829,821,104.06072,30.654629999999994,104.0601001,30.655567900000005,,299.96,0.0
